comparison,axis,mean_delta,mean_ci_low,mean_ci_high,median_delta,median_ci_low,median_ci_high,relative_perceived_advantage,advantage_ci_low,advantage_ci_high
A vs B - first-person POV,global,0.4528985507246377,0.12318840579710146,0.7718297101449262,0.5,0.0,1.0,0.6521739130434783,0.5434782608695652,0.7536231884057971
A vs B - third-person POV,global,0.75,0.4601449275362319,1.0326992753623174,0.75,0.25,1.0,0.7463768115942029,0.6521739130434783,0.8333333333333334
First vs third POV - Policy A,global,-0.15579710144927536,-0.39501811594202857,0.08695652173913043,0.0,-0.25,0.0,0.42028985507246375,0.3188405797101449,0.5217391304347826
First vs third POV - Policy B,global,0.14130434782608695,-0.09782608695652174,0.39492753623188404,0.0,-0.25,0.0,0.47101449275362317,0.3695652173913043,0.572463768115942
A vs B - first-person POV,competence_control,1.0714285714285714,0.6857142857142857,1.457142857142857,1.0,0.5,1.5,0.7357142857142858,0.65,0.8142857142857143
A vs B - third-person POV,competence_control,1.4,1.0571428571428572,1.7428571428571429,1.0,1.0,2.0,0.8214285714285714,0.7571428571428571,0.8857142857142857
First vs third POV - Policy A,competence_control,-0.22857142857142856,-0.5285714285714286,0.07178571428570908,0.0,0.0,0.0,0.4142857142857143,0.34285714285714286,0.4928571428571429
First vs third POV - Policy B,competence_control,0.1,-0.24285714285714285,0.45714285714285713,0.0,0.0,0.0,0.4857142857142857,0.39285714285714285,0.5785714285714286
A vs B - first-person POV,safety,0.04285714285714286,-0.38571428571428573,0.4714285714285714,0.0,0.0,0.0,0.5214285714285715,0.42857142857142855,0.6142857142857143
A vs B - third-person POV,safety,0.5428571428571428,0.17142857142857143,0.9285714285714286,0.5,0.0,1.0,0.6428571428571429,0.5498214285714293,0.7357142857142858
First vs third POV - Policy A,safety,-0.22857142857142856,-0.5142857142857142,0.05714285714285714,0.0,0.0,0.0,0.42857142857142855,0.35,0.5142857142857142
First vs third POV - Policy B,safety,0.2714285714285714,-0.07142857142857142,0.6142857142857143,0.0,0.0,0.0,0.5571428571428572,0.4642857142857143,0.65
A vs B - first-person POV,awareness,0.0,-0.4142857142857143,0.42857142857142855,0.0,0.0,0.0,0.5285714285714286,0.4357142857142857,0.6285714285714286
A vs B - third-person POV,awareness,0.34285714285714286,-0.02857142857142857,0.6857142857142857,0.0,0.0,1.0,0.6428571428571429,0.55,0.7285714285714285
First vs third POV - Policy A,awareness,-0.22857142857142856,-0.5428571428571428,0.1,0.0,-0.5,0.0,0.4,0.3142857142857143,0.4857142857142857
First vs third POV - Policy B,awareness,0.11428571428571428,-0.2,0.44285714285714284,0.0,0.0,0.0,0.5071428571428571,0.42142857142857143,0.5928571428571429
A vs B - first-person POV,positive_impression,0.6714285714285714,0.3,1.042857142857143,1.0,0.0,1.0,0.6571428571428571,0.5642857142857143,0.75
A vs B - third-person POV,positive_impression,0.7285714285714285,0.4,1.042857142857143,1.0,0.0,1.0,0.7285714285714285,0.6428571428571429,0.8071428571428572
First vs third POV - Policy A,positive_impression,0.05714285714285714,-0.22857142857142856,0.34285714285714286,0.0,0.0,0.0,0.5142857142857142,0.42857142857142855,0.6
First vs third POV - Policy B,positive_impression,0.11428571428571428,-0.17142857142857143,0.4142857142857143,0.0,0.0,0.0,0.5,0.4142857142857143,0.5857142857142857
