metric_id,axis_id,normalized_weight
task_success_rate,perceived_dexterity,0.15789473684210525
task_completion_time,perceived_dexterity,0.05263157894736842
comfort_aware_path_efficiency,perceived_dexterity,0.05263157894736842
hesitation,perceived_dexterity,0.10526315789473684
min_human_robot_distance,perceived_dexterity,0.0
proxemic_intrusion_dose,perceived_dexterity,0.0
speed_near_humans_p95,perceived_dexterity,0.05263157894736842
gesture_response_success,perceived_dexterity,0.05263157894736842
acknowledgement_clarity,perceived_dexterity,0.05263157894736842
human_aware_approach,perceived_dexterity,0.05263157894736842
bystander_ack,perceived_dexterity,0.05263157894736842
sparc,perceived_dexterity,0.05263157894736842
heading_jerk,perceived_dexterity,0.05263157894736842
stability,perceived_dexterity,0.10526315789473684
legibility,perceived_dexterity,0.10526315789473684
behavioral_naturalness,perceived_dexterity,0.05263157894736842
task_success_rate,perceived_safety,0.037037037037037035
task_completion_time,perceived_safety,0.0
comfort_aware_path_efficiency,perceived_safety,0.037037037037037035
hesitation,perceived_safety,0.05555555555555555
min_human_robot_distance,perceived_safety,0.1111111111111111
proxemic_intrusion_dose,perceived_safety,0.1111111111111111
speed_near_humans_p95,perceived_safety,0.1111111111111111
gesture_response_success,perceived_safety,0.07407407407407407
acknowledgement_clarity,perceived_safety,0.07407407407407407
human_aware_approach,perceived_safety,0.1111111111111111
bystander_ack,perceived_safety,0.07407407407407407
sparc,perceived_safety,0.018518518518518517
heading_jerk,perceived_safety,0.037037037037037035
stability,perceived_safety,0.1111111111111111
legibility,perceived_safety,0.037037037037037035
behavioral_naturalness,perceived_safety,0.0
task_success_rate,perceived_social_awareness,0.0
task_completion_time,perceived_social_awareness,0.0
comfort_aware_path_efficiency,perceived_social_awareness,0.022727272727272728
hesitation,perceived_social_awareness,0.022727272727272728
min_human_robot_distance,perceived_social_awareness,0.09090909090909091
proxemic_intrusion_dose,perceived_social_awareness,0.13636363636363635
speed_near_humans_p95,perceived_social_awareness,0.045454545454545456
gesture_response_success,perceived_social_awareness,0.13636363636363635
acknowledgement_clarity,perceived_social_awareness,0.13636363636363635
human_aware_approach,perceived_social_awareness,0.13636363636363635
bystander_ack,perceived_social_awareness,0.13636363636363635
sparc,perceived_social_awareness,0.0
heading_jerk,perceived_social_awareness,0.0
stability,perceived_social_awareness,0.0
legibility,perceived_social_awareness,0.13636363636363635
behavioral_naturalness,perceived_social_awareness,0.0
task_success_rate,impression,0.05405405405405406
task_completion_time,impression,0.0
comfort_aware_path_efficiency,impression,0.0
hesitation,impression,0.05405405405405406
min_human_robot_distance,impression,0.02702702702702703
proxemic_intrusion_dose,impression,0.10810810810810811
speed_near_humans_p95,impression,0.02702702702702703
gesture_response_success,impression,0.10810810810810811
acknowledgement_clarity,impression,0.10810810810810811
human_aware_approach,impression,0.10810810810810811
bystander_ack,impression,0.05405405405405406
sparc,impression,0.05405405405405406
heading_jerk,impression,0.08108108108108109
stability,impression,0.05405405405405406
legibility,impression,0.05405405405405406
behavioral_naturalness,impression,0.10810810810810811
