step,x,y,yaw
0,-4.2000,-3.2000,0.0000
1,-4.1922,-3.1991,0.1120
2,-4.1846,-3.1974,0.2240
3,-4.1773,-3.1948,0.3360
4,-4.1676,-3.1901,0.4480
5,-4.1559,-3.1829,0.5600
6,-4.1429,-3.1725,0.6720
7,-4.1293,-3.1589,0.7840
8,-4.1156,-3.1418,0.8960
9,-4.0998,-3.1168,1.0080
10,-4.0856,-3.0880,1.1122
11,-4.0730,-3.0554,1.2017
12,-4.0625,-3.0201,1.2810
13,-4.0541,-2.9826,1.3517
14,-4.0476,-2.9424,1.4108
15,-4.0432,-2.9008,1.4638
16,-4.0406,-2.8580,1.5116
17,-4.0383,-2.8083,1.5235
18,-4.0365,-2.7584,1.5345
19,-4.0351,-2.7083,1.5438
20,-4.0342,-2.6579,1.5524
21,-4.0336,-2.6073,1.5595
22,-4.0334,-2.5565,1.5660
23,-4.0334,-2.5055,1.5712
24,-4.0336,-2.4544,1.5759
25,-4.0341,-2.4031,1.5794
26,-4.0347,-2.3517,1.5826
27,-4.0354,-2.3001,1.5848
28,-4.0362,-2.2485,1.5868
29,-4.0371,-2.1967,1.5879
30,-4.0380,-2.1448,1.5884
31,-4.0390,-2.0929,1.5888
32,-4.0399,-2.0409,1.5886
33,-4.0408,-1.9890,1.5885
34,-4.0417,-1.9371,1.5880
35,-4.0426,-1.8852,1.5875
36,-4.0445,-1.8378,1.6116
37,-4.0475,-1.7901,1.6335
38,-4.0513,-1.7412,1.6489
39,-4.0559,-1.6921,1.6628
40,-4.0611,-1.6428,1.6756
41,-4.0673,-1.5975,1.7082
42,-4.0750,-1.5517,1.7378
43,-4.0840,-1.5041,1.7563
44,-4.0938,-1.4564,1.7732
45,-4.1044,-1.4085,1.7887
46,-4.1157,-1.3605,1.8031
47,-4.1277,-1.3126,1.8165
48,-4.1404,-1.2647,1.8292
