Timestamp,"Background / Familiarity with Robotics 
(Esperienza/Familiarità con la robotica)","Q1.1 The robot seemed competent and in control.
(Il robot sembrava competente e sotto controllo.) [Vote:]","Q1.2 The robot’s behavior felt safe around people or obstacles.
(Il comportamento del robot sembrava sicuro in presenza di persone o ostacoli.) [Vote:]","Q1.3 The robot seemed aware of its surroundings, including people or obstacles.
(Il robot sembrava consapevole dell’ambiente circostante, incluse persone e ostacoli.) [Vote:]","Q1.4 Overall, I had a positive impression of the robot.
(Nel complesso, ho avuto un’impressione positiva del robot.) [Vote:]","Q2.1 The robot seemed competent and in control.
(Il robot sembrava competente e sotto controllo.) [Vote:]","Q2.2 The robot’s behavior felt safe around people or obstacles.
(Il comportamento del robot sembrava sicuro in presenza di persone o ostacoli.) [Vote:]","Q2.3 The robot seemed aware of its surroundings, including people or obstacles.
(Il robot sembrava consapevole dell’ambiente circostante, incluse persone e ostacoli.) [Vote:]","Q2.4 Overall, I had a positive impression of the robot.
(Nel complesso, ho avuto un’impressione positiva del robot.) [Vote:]","Q3.1 The robot seemed competent and in control.
(Il robot sembrava competente e sotto controllo.) [Vote:]","Q3.2 The robot’s behavior felt safe around people or obstacles.
(Il comportamento del robot sembrava sicuro in presenza di persone o ostacoli.) [Vote:]","Q3.3 The robot seemed aware of its surroundings, including people or obstacles.
(Il robot sembrava consapevole dell’ambiente circostante, incluse persone e ostacoli.) [Vote:]","Q3.4 Overall, I had a positive impression of the robot.
(Nel complesso, ho avuto un’impressione positiva del robot.) [Vote:]","Q4.2 The robot’s behavior felt safe around people or obstacles.
(Il comportamento del robot sembrava sicuro in presenza di persone o ostacoli.) [Vote:]","Q4.1 The robot seemed competent and in control.
(Il robot sembrava competente e sotto controllo.) [Vote:]","Q4.3 The robot seemed aware of its surroundings, including people or obstacles.
(Il robot sembrava consapevole dell’ambiente circostante, incluse persone e ostacoli.) [Vote:]","Q4.4 Overall, I had a positive impression of the robot.
(Nel complesso, ho avuto un’impressione positiva del robot.) [Vote:]"
5/14/2026 10:35:07,"Daily interaction with robots (e.g., robotics student or professional worker) (Interazione quotidiana con robot, ad esempio come studente di robotica o professionista del settore)",+1 Slightly agree (Leggermente d’accordo),+2 Agree (D’accordo),-3 Strongly disagree (Fortemente in disaccordo),0 Neutral (Neutrale),-3 Strongly disagree (Fortemente in disaccordo),-3 Strongly disagree (Fortemente in disaccordo),-3 Strongly disagree (Fortemente in disaccordo),-1 Slightly disagree (Leggermente in disaccordo),+1 Slightly agree (Leggermente d’accordo),+2 Agree (D’accordo),-1 Slightly disagree (Leggermente in disaccordo),+1 Slightly agree (Leggermente d’accordo),-3 Strongly disagree (Fortemente in disaccordo),-3 Strongly disagree (Fortemente in disaccordo),-3 Strongly disagree (Fortemente in disaccordo),-2 Disagree (In disaccordo)
5/14/2026 10:38:17,"Daily interaction with robots (e.g., robotics student or professional worker) (Interazione quotidiana con robot, ad esempio come studente di robotica o professionista del settore)",+2 Agree (D’accordo),+1 Slightly agree (Leggermente d’accordo),+2 Agree (D’accordo),+2 Agree (D’accordo),0 Neutral (Neutrale),+1 Slightly agree (Leggermente d’accordo),+1 Slightly agree (Leggermente d’accordo),0 Neutral (Neutrale),+3 Strongly agree (Fortemente d’accordo),+2 Agree (D’accordo),+2 Agree (D’accordo),+2 Agree (D’accordo),+1 Slightly agree (Leggermente d’accordo),+1 Slightly agree (Leggermente d’accordo),+2 Agree (D’accordo),+2 Agree (D’accordo)
5/14/2026 10:54:13,No daily contact with robots | Nessun contatto quotidiano con robot),-1 Slightly disagree (Leggermente in disaccordo),-2 Disagree (In disaccordo),-2 Disagree (In disaccordo),-1 Slightly disagree (Leggermente in disaccordo),-2 Disagree (In disaccordo),-3 Strongly disagree (Fortemente in disaccordo),-2 Disagree (In disaccordo),-3 Strongly disagree (Fortemente in disaccordo),-1 Slightly disagree (Leggermente in disaccordo),-2 Disagree (In disaccordo),-1 Slightly disagree (Leggermente in disaccordo),-1 Slightly disagree (Leggermente in disaccordo),-2 Disagree (In disaccordo),-2 Disagree (In disaccordo),-3 Strongly disagree (Fortemente in disaccordo),-2 Disagree (In disaccordo)
5/14/2026 10:57:50,No daily contact with robots | Nessun contatto quotidiano con robot),+2 Agree (D’accordo),-1 Slightly disagree (Leggermente in disaccordo),0 Neutral (Neutrale),0 Neutral (Neutrale),+2 Agree (D’accordo),+1 Slightly agree (Leggermente d’accordo),-1 Slightly disagree (Leggermente in disaccordo),+2 Agree (D’accordo),+2 Agree (D’accordo),0 Neutral (Neutrale),0 Neutral (Neutrale),+2 Agree (D’accordo),+2 Agree (D’accordo),0 Neutral (Neutrale),+2 Agree (D’accordo),+1 Slightly agree (Leggermente d’accordo)
5/14/2026 10:58:07,No daily contact with robots | Nessun contatto quotidiano con robot),-1 Slightly disagree (Leggermente in disaccordo),-2 Disagree (In disaccordo),-2 Disagree (In disaccordo),-1 Slightly disagree (Leggermente in disaccordo),+1 Slightly agree (Leggermente d’accordo),+1 Slightly agree (Leggermente d’accordo),+2 Agree (D’accordo),+1 Slightly agree (Leggermente d’accordo),+2 Agree (D’accordo),-1 Slightly disagree (Leggermente in disaccordo),-2 Disagree (In disaccordo),-1 Slightly disagree (Leggermente in disaccordo),-2 Disagree (In disaccordo),-2 Disagree (In disaccordo),-2 Disagree (In disaccordo),-2 Disagree (In disaccordo)
5/14/2026 11:03:07,No daily contact with robots | Nessun contatto quotidiano con robot),-2 Disagree (In disaccordo),-2 Disagree (In disaccordo),-2 Disagree (In disaccordo),-2 Disagree (In disaccordo),-2 Disagree (In disaccordo),-2 Disagree (In disaccordo),-2 Disagree (In disaccordo),-2 Disagree (In disaccordo),-2 Disagree (In disaccordo),-2 Disagree (In disaccordo),-2 Disagree (In disaccordo),-2 Disagree (In disaccordo),-2 Disagree (In disaccordo),-2 Disagree (In disaccordo),-2 Disagree (In disaccordo),-2 Disagree (In disaccordo)
5/14/2026 11:03:40,No daily contact with robots | Nessun contatto quotidiano con robot),-1 Slightly disagree (Leggermente in disaccordo),-3 Strongly disagree (Fortemente in disaccordo),-2 Disagree (In disaccordo),0 Neutral (Neutrale),-2 Disagree (In disaccordo),-3 Strongly disagree (Fortemente in disaccordo),-3 Strongly disagree (Fortemente in disaccordo),-1 Slightly disagree (Leggermente in disaccordo),0 Neutral (Neutrale),-3 Strongly disagree (Fortemente in disaccordo),-2 Disagree (In disaccordo),0 Neutral (Neutrale),-3 Strongly disagree (Fortemente in disaccordo),-2 Disagree (In disaccordo),-3 Strongly disagree (Fortemente in disaccordo),-1 Slightly disagree (Leggermente in disaccordo)
5/14/2026 11:05:56,No daily contact with robots | Nessun contatto quotidiano con robot),-2 Disagree (In disaccordo),-2 Disagree (In disaccordo),-2 Disagree (In disaccordo),-2 Disagree (In disaccordo),+1 Slightly agree (Leggermente d’accordo),+1 Slightly agree (Leggermente d’accordo),+1 Slightly agree (Leggermente d’accordo),+1 Slightly agree (Leggermente d’accordo),-2 Disagree (In disaccordo),-2 Disagree (In disaccordo),-2 Disagree (In disaccordo),-2 Disagree (In disaccordo),+1 Slightly agree (Leggermente d’accordo),+1 Slightly agree (Leggermente d’accordo),+1 Slightly agree (Leggermente d’accordo),+1 Slightly agree (Leggermente d’accordo)
5/14/2026 11:09:46,No daily contact with robots | Nessun contatto quotidiano con robot),+2 Agree (D’accordo),0 Neutral (Neutrale),+1 Slightly agree (Leggermente d’accordo),+1 Slightly agree (Leggermente d’accordo),+1 Slightly agree (Leggermente d’accordo),+1 Slightly agree (Leggermente d’accordo),-1 Slightly disagree (Leggermente in disaccordo),-1 Slightly disagree (Leggermente in disaccordo),-1 Slightly disagree (Leggermente in disaccordo),0 Neutral (Neutrale),-1 Slightly disagree (Leggermente in disaccordo),0 Neutral (Neutrale),-1 Slightly disagree (Leggermente in disaccordo),-1 Slightly disagree (Leggermente in disaccordo),0 Neutral (Neutrale),0 Neutral (Neutrale)
5/14/2026 11:14:45,"Daily interaction with robots (e.g., robotics student or professional worker) (Interazione quotidiana con robot, ad esempio come studente di robotica o professionista del settore)",+1 Slightly agree (Leggermente d’accordo),-3 Strongly disagree (Fortemente in disaccordo),-2 Disagree (In disaccordo),-2 Disagree (In disaccordo),-2 Disagree (In disaccordo),-3 Strongly disagree (Fortemente in disaccordo),-3 Strongly disagree (Fortemente in disaccordo),-2 Disagree (In disaccordo),-1 Slightly disagree (Leggermente in disaccordo),-2 Disagree (In disaccordo),-1 Slightly disagree (Leggermente in disaccordo),-2 Disagree (In disaccordo),-1 Slightly disagree (Leggermente in disaccordo),-2 Disagree (In disaccordo),-2 Disagree (In disaccordo),-2 Disagree (In disaccordo)
5/14/2026 11:15:16,"Daily interaction with robots (e.g., robotics student or professional worker) (Interazione quotidiana con robot, ad esempio come studente di robotica o professionista del settore)",-1 Slightly disagree (Leggermente in disaccordo),-2 Disagree (In disaccordo),-2 Disagree (In disaccordo),0 Neutral (Neutrale),+1 Slightly agree (Leggermente d’accordo),0 Neutral (Neutrale),+1 Slightly agree (Leggermente d’accordo),+1 Slightly agree (Leggermente d’accordo),+2 Agree (D’accordo),+1 Slightly agree (Leggermente d’accordo),+1 Slightly agree (Leggermente d’accordo),+2 Agree (D’accordo),+2 Agree (D’accordo),+1 Slightly agree (Leggermente d’accordo),+2 Agree (D’accordo),+2 Agree (D’accordo)
5/14/2026 11:16:33,No daily contact with robots | Nessun contatto quotidiano con robot),+1 Slightly agree (Leggermente d’accordo),+1 Slightly agree (Leggermente d’accordo),+2 Agree (D’accordo),+2 Agree (D’accordo),0 Neutral (Neutrale),0 Neutral (Neutrale),+1 Slightly agree (Leggermente d’accordo),-1 Slightly disagree (Leggermente in disaccordo),+1 Slightly agree (Leggermente d’accordo),+1 Slightly agree (Leggermente d’accordo),+2 Agree (D’accordo),+1 Slightly agree (Leggermente d’accordo),0 Neutral (Neutrale),+1 Slightly agree (Leggermente d’accordo),0 Neutral (Neutrale),0 Neutral (Neutrale)
5/14/2026 11:18:25,"Daily interaction with robots (e.g., robotics student or professional worker) (Interazione quotidiana con robot, ad esempio come studente di robotica o professionista del settore)",-3 Strongly disagree (Fortemente in disaccordo),-3 Strongly disagree (Fortemente in disaccordo),-3 Strongly disagree (Fortemente in disaccordo),-3 Strongly disagree (Fortemente in disaccordo),-1 Slightly disagree (Leggermente in disaccordo),-1 Slightly disagree (Leggermente in disaccordo),+1 Slightly agree (Leggermente d’accordo),-1 Slightly disagree (Leggermente in disaccordo),-2 Disagree (In disaccordo),-2 Disagree (In disaccordo),-2 Disagree (In disaccordo),-2 Disagree (In disaccordo),-3 Strongly disagree (Fortemente in disaccordo),-3 Strongly disagree (Fortemente in disaccordo),-3 Strongly disagree (Fortemente in disaccordo),-3 Strongly disagree (Fortemente in disaccordo)
5/14/2026 11:19:11,No daily contact with robots | Nessun contatto quotidiano con robot),+1 Slightly agree (Leggermente d’accordo),-2 Disagree (In disaccordo),-1 Slightly disagree (Leggermente in disaccordo),-2 Disagree (In disaccordo),-2 Disagree (In disaccordo),-3 Strongly disagree (Fortemente in disaccordo),-1 Slightly disagree (Leggermente in disaccordo),-2 Disagree (In disaccordo),-1 Slightly disagree (Leggermente in disaccordo),-1 Slightly disagree (Leggermente in disaccordo),-1 Slightly disagree (Leggermente in disaccordo),-1 Slightly disagree (Leggermente in disaccordo),0 Neutral (Neutrale),-2 Disagree (In disaccordo),-2 Disagree (In disaccordo),-2 Disagree (In disaccordo)
5/14/2026 11:23:04,No daily contact with robots | Nessun contatto quotidiano con robot),+2 Agree (D’accordo),+3 Strongly agree (Fortemente d’accordo),-3 Strongly disagree (Fortemente in disaccordo),+2 Agree (D’accordo),+2 Agree (D’accordo),-2 Disagree (In disaccordo),-3 Strongly disagree (Fortemente in disaccordo),-2 Disagree (In disaccordo),+2 Agree (D’accordo),+2 Agree (D’accordo),-3 Strongly disagree (Fortemente in disaccordo),0 Neutral (Neutrale),-3 Strongly disagree (Fortemente in disaccordo),-1 Slightly disagree (Leggermente in disaccordo),-3 Strongly disagree (Fortemente in disaccordo),-2 Disagree (In disaccordo)
5/14/2026 11:28:04,No daily contact with robots | Nessun contatto quotidiano con robot),+2 Agree (D’accordo),+2 Agree (D’accordo),+3 Strongly agree (Fortemente d’accordo),+2 Agree (D’accordo),-1 Slightly disagree (Leggermente in disaccordo),+2 Agree (D’accordo),-1 Slightly disagree (Leggermente in disaccordo),-1 Slightly disagree (Leggermente in disaccordo),-1 Slightly disagree (Leggermente in disaccordo),0 Neutral (Neutrale),-1 Slightly disagree (Leggermente in disaccordo),-1 Slightly disagree (Leggermente in disaccordo),-1 Slightly disagree (Leggermente in disaccordo),-1 Slightly disagree (Leggermente in disaccordo),-1 Slightly disagree (Leggermente in disaccordo),-1 Slightly disagree (Leggermente in disaccordo)
5/14/2026 11:32:16,No daily contact with robots | Nessun contatto quotidiano con robot),0 Neutral (Neutrale),-2 Disagree (In disaccordo),-1 Slightly disagree (Leggermente in disaccordo),+1 Slightly agree (Leggermente d’accordo),+1 Slightly agree (Leggermente d’accordo),+1 Slightly agree (Leggermente d’accordo),+1 Slightly agree (Leggermente d’accordo),0 Neutral (Neutrale),+1 Slightly agree (Leggermente d’accordo),0 Neutral (Neutrale),0 Neutral (Neutrale),+1 Slightly agree (Leggermente d’accordo),-1 Slightly disagree (Leggermente in disaccordo),-1 Slightly disagree (Leggermente in disaccordo),-1 Slightly disagree (Leggermente in disaccordo),-1 Slightly disagree (Leggermente in disaccordo)
5/14/2026 11:33:11,No daily contact with robots | Nessun contatto quotidiano con robot),+1 Slightly agree (Leggermente d’accordo),-1 Slightly disagree (Leggermente in disaccordo),-1 Slightly disagree (Leggermente in disaccordo),+1 Slightly agree (Leggermente d’accordo),+1 Slightly agree (Leggermente d’accordo),-2 Disagree (In disaccordo),-2 Disagree (In disaccordo),0 Neutral (Neutrale),+1 Slightly agree (Leggermente d’accordo),0 Neutral (Neutrale),-2 Disagree (In disaccordo),0 Neutral (Neutrale),-2 Disagree (In disaccordo),-1 Slightly disagree (Leggermente in disaccordo),-2 Disagree (In disaccordo),-1 Slightly disagree (Leggermente in disaccordo)
5/14/2026 11:38:24,No daily contact with robots | Nessun contatto quotidiano con robot),+1 Slightly agree (Leggermente d’accordo),-1 Slightly disagree (Leggermente in disaccordo),-1 Slightly disagree (Leggermente in disaccordo),-1 Slightly disagree (Leggermente in disaccordo),-1 Slightly disagree (Leggermente in disaccordo),+1 Slightly agree (Leggermente d’accordo),+1 Slightly agree (Leggermente d’accordo),+1 Slightly agree (Leggermente d’accordo),+1 Slightly agree (Leggermente d’accordo),-1 Slightly disagree (Leggermente in disaccordo),-1 Slightly disagree (Leggermente in disaccordo),-1 Slightly disagree (Leggermente in disaccordo),-1 Slightly disagree (Leggermente in disaccordo),+1 Slightly agree (Leggermente d’accordo),+1 Slightly agree (Leggermente d’accordo),+1 Slightly agree (Leggermente d’accordo)
5/14/2026 11:38:25,No daily contact with robots | Nessun contatto quotidiano con robot),-3 Strongly disagree (Fortemente in disaccordo),-3 Strongly disagree (Fortemente in disaccordo),-3 Strongly disagree (Fortemente in disaccordo),-3 Strongly disagree (Fortemente in disaccordo),-3 Strongly disagree (Fortemente in disaccordo),-3 Strongly disagree (Fortemente in disaccordo),-3 Strongly disagree (Fortemente in disaccordo),-3 Strongly disagree (Fortemente in disaccordo),-3 Strongly disagree (Fortemente in disaccordo),-3 Strongly disagree (Fortemente in disaccordo),-3 Strongly disagree (Fortemente in disaccordo),-3 Strongly disagree (Fortemente in disaccordo),-3 Strongly disagree (Fortemente in disaccordo),-3 Strongly disagree (Fortemente in disaccordo),-3 Strongly disagree (Fortemente in disaccordo),-3 Strongly disagree (Fortemente in disaccordo)
5/14/2026 11:38:56,No daily contact with robots | Nessun contatto quotidiano con robot),-1 Slightly disagree (Leggermente in disaccordo),-2 Disagree (In disaccordo),-1 Slightly disagree (Leggermente in disaccordo),-1 Slightly disagree (Leggermente in disaccordo),0 Neutral (Neutrale),-1 Slightly disagree (Leggermente in disaccordo),-1 Slightly disagree (Leggermente in disaccordo),0 Neutral (Neutrale),-1 Slightly disagree (Leggermente in disaccordo),-3 Strongly disagree (Fortemente in disaccordo),-3 Strongly disagree (Fortemente in disaccordo),-2 Disagree (In disaccordo),-2 Disagree (In disaccordo),-2 Disagree (In disaccordo),-2 Disagree (In disaccordo),-2 Disagree (In disaccordo)
5/14/2026 11:43:37,No daily contact with robots | Nessun contatto quotidiano con robot),0 Neutral (Neutrale),+1 Slightly agree (Leggermente d’accordo),-1 Slightly disagree (Leggermente in disaccordo),+1 Slightly agree (Leggermente d’accordo),-2 Disagree (In disaccordo),-1 Slightly disagree (Leggermente in disaccordo),0 Neutral (Neutrale),+1 Slightly agree (Leggermente d’accordo),+1 Slightly agree (Leggermente d’accordo),-1 Slightly disagree (Leggermente in disaccordo),-1 Slightly disagree (Leggermente in disaccordo),+1 Slightly agree (Leggermente d’accordo),-1 Slightly disagree (Leggermente in disaccordo),-1 Slightly disagree (Leggermente in disaccordo),-1 Slightly disagree (Leggermente in disaccordo),0 Neutral (Neutrale)
5/14/2026 11:47:31,No daily contact with robots | Nessun contatto quotidiano con robot),-3 Strongly disagree (Fortemente in disaccordo),-3 Strongly disagree (Fortemente in disaccordo),-3 Strongly disagree (Fortemente in disaccordo),-2 Disagree (In disaccordo),-3 Strongly disagree (Fortemente in disaccordo),-3 Strongly disagree (Fortemente in disaccordo),-3 Strongly disagree (Fortemente in disaccordo),-2 Disagree (In disaccordo),-2 Disagree (In disaccordo),-2 Disagree (In disaccordo),-2 Disagree (In disaccordo),-2 Disagree (In disaccordo),-2 Disagree (In disaccordo),-2 Disagree (In disaccordo),-2 Disagree (In disaccordo),-2 Disagree (In disaccordo)
5/14/2026 11:50:31,"Daily interaction with robots (e.g., robotics student or professional worker) (Interazione quotidiana con robot, ad esempio come studente di robotica o professionista del settore)",-1 Slightly disagree (Leggermente in disaccordo),-2 Disagree (In disaccordo),-3 Strongly disagree (Fortemente in disaccordo),0 Neutral (Neutrale),-3 Strongly disagree (Fortemente in disaccordo),-1 Slightly disagree (Leggermente in disaccordo),-2 Disagree (In disaccordo),-2 Disagree (In disaccordo),-1 Slightly disagree (Leggermente in disaccordo),-2 Disagree (In disaccordo),-2 Disagree (In disaccordo),-1 Slightly disagree (Leggermente in disaccordo),-1 Slightly disagree (Leggermente in disaccordo),-1 Slightly disagree (Leggermente in disaccordo),-2 Disagree (In disaccordo),-2 Disagree (In disaccordo)
5/14/2026 11:54:33,No daily contact with robots | Nessun contatto quotidiano con robot),-1 Slightly disagree (Leggermente in disaccordo),-2 Disagree (In disaccordo),-2 Disagree (In disaccordo),0 Neutral (Neutrale),+1 Slightly agree (Leggermente d’accordo),+1 Slightly agree (Leggermente d’accordo),+2 Agree (D’accordo),+2 Agree (D’accordo),-1 Slightly disagree (Leggermente in disaccordo),-2 Disagree (In disaccordo),-2 Disagree (In disaccordo),-1 Slightly disagree (Leggermente in disaccordo),-1 Slightly disagree (Leggermente in disaccordo),-1 Slightly disagree (Leggermente in disaccordo),-2 Disagree (In disaccordo),-1 Slightly disagree (Leggermente in disaccordo)
5/14/2026 11:55:59,No daily contact with robots | Nessun contatto quotidiano con robot),+1 Slightly agree (Leggermente d’accordo),-2 Disagree (In disaccordo),-2 Disagree (In disaccordo),-2 Disagree (In disaccordo),0 Neutral (Neutrale),+1 Slightly agree (Leggermente d’accordo),-3 Strongly disagree (Fortemente in disaccordo),0 Neutral (Neutrale),+2 Agree (D’accordo),+1 Slightly agree (Leggermente d’accordo),-1 Slightly disagree (Leggermente in disaccordo),+1 Slightly agree (Leggermente d’accordo),-3 Strongly disagree (Fortemente in disaccordo),-2 Disagree (In disaccordo),-3 Strongly disagree (Fortemente in disaccordo),-2 Disagree (In disaccordo)
5/14/2026 11:56:22,No daily contact with robots | Nessun contatto quotidiano con robot),+2 Agree (D’accordo),-1 Slightly disagree (Leggermente in disaccordo),+2 Agree (D’accordo),+2 Agree (D’accordo),+1 Slightly agree (Leggermente d’accordo),-2 Disagree (In disaccordo),-2 Disagree (In disaccordo),-1 Slightly disagree (Leggermente in disaccordo),+2 Agree (D’accordo),-2 Disagree (In disaccordo),-2 Disagree (In disaccordo),-1 Slightly disagree (Leggermente in disaccordo),-1 Slightly disagree (Leggermente in disaccordo),+2 Agree (D’accordo),+2 Agree (D’accordo),+2 Agree (D’accordo)
5/14/2026 11:58:11,No daily contact with robots | Nessun contatto quotidiano con robot),0 Neutral (Neutrale),-1 Slightly disagree (Leggermente in disaccordo),+1 Slightly agree (Leggermente d’accordo),+1 Slightly agree (Leggermente d’accordo),-2 Disagree (In disaccordo),-1 Slightly disagree (Leggermente in disaccordo),-1 Slightly disagree (Leggermente in disaccordo),-1 Slightly disagree (Leggermente in disaccordo),+1 Slightly agree (Leggermente d’accordo),0 Neutral (Neutrale),-1 Slightly disagree (Leggermente in disaccordo),+1 Slightly agree (Leggermente d’accordo),-1 Slightly disagree (Leggermente in disaccordo),0 Neutral (Neutrale),-1 Slightly disagree (Leggermente in disaccordo),+1 Slightly agree (Leggermente d’accordo)
5/14/2026 11:59:16,No daily contact with robots | Nessun contatto quotidiano con robot),+2 Agree (D’accordo),-1 Slightly disagree (Leggermente in disaccordo),-1 Slightly disagree (Leggermente in disaccordo),0 Neutral (Neutrale),-1 Slightly disagree (Leggermente in disaccordo),-2 Disagree (In disaccordo),-2 Disagree (In disaccordo),-1 Slightly disagree (Leggermente in disaccordo),+2 Agree (D’accordo),-1 Slightly disagree (Leggermente in disaccordo),-2 Disagree (In disaccordo),0 Neutral (Neutrale),-2 Disagree (In disaccordo),-1 Slightly disagree (Leggermente in disaccordo),-2 Disagree (In disaccordo),-1 Slightly disagree (Leggermente in disaccordo)
5/14/2026 12:03:58,No daily contact with robots | Nessun contatto quotidiano con robot),+2 Agree (D’accordo),+2 Agree (D’accordo),-2 Disagree (In disaccordo),+2 Agree (D’accordo),-3 Strongly disagree (Fortemente in disaccordo),+2 Agree (D’accordo),-2 Disagree (In disaccordo),-2 Disagree (In disaccordo),+2 Agree (D’accordo),+2 Agree (D’accordo),+1 Slightly agree (Leggermente d’accordo),+2 Agree (D’accordo),0 Neutral (Neutrale),0 Neutral (Neutrale),-1 Slightly disagree (Leggermente in disaccordo),-1 Slightly disagree (Leggermente in disaccordo)
5/14/2026 12:04:33,No daily contact with robots | Nessun contatto quotidiano con robot),-2 Disagree (In disaccordo),-1 Slightly disagree (Leggermente in disaccordo),-1 Slightly disagree (Leggermente in disaccordo),-2 Disagree (In disaccordo),-3 Strongly disagree (Fortemente in disaccordo),+1 Slightly agree (Leggermente d’accordo),-1 Slightly disagree (Leggermente in disaccordo),-2 Disagree (In disaccordo),0 Neutral (Neutrale),-1 Slightly disagree (Leggermente in disaccordo),0 Neutral (Neutrale),0 Neutral (Neutrale),-2 Disagree (In disaccordo),0 Neutral (Neutrale),-1 Slightly disagree (Leggermente in disaccordo),-1 Slightly disagree (Leggermente in disaccordo)
5/14/2026 12:07:41,No daily contact with robots | Nessun contatto quotidiano con robot),-2 Disagree (In disaccordo),-1 Slightly disagree (Leggermente in disaccordo),-1 Slightly disagree (Leggermente in disaccordo),0 Neutral (Neutrale),-3 Strongly disagree (Fortemente in disaccordo),-2 Disagree (In disaccordo),-2 Disagree (In disaccordo),-2 Disagree (In disaccordo),+1 Slightly agree (Leggermente d’accordo),-1 Slightly disagree (Leggermente in disaccordo),-1 Slightly disagree (Leggermente in disaccordo),+1 Slightly agree (Leggermente d’accordo),-2 Disagree (In disaccordo),-2 Disagree (In disaccordo),-2 Disagree (In disaccordo),-1 Slightly disagree (Leggermente in disaccordo)
5/14/2026 12:15:05,No daily contact with robots | Nessun contatto quotidiano con robot),0 Neutral (Neutrale),-2 Disagree (In disaccordo),-2 Disagree (In disaccordo),-1 Slightly disagree (Leggermente in disaccordo),-1 Slightly disagree (Leggermente in disaccordo),-3 Strongly disagree (Fortemente in disaccordo),-3 Strongly disagree (Fortemente in disaccordo),-2 Disagree (In disaccordo),0 Neutral (Neutrale),-2 Disagree (In disaccordo),-2 Disagree (In disaccordo),-1 Slightly disagree (Leggermente in disaccordo),-3 Strongly disagree (Fortemente in disaccordo),-1 Slightly disagree (Leggermente in disaccordo),-3 Strongly disagree (Fortemente in disaccordo),-2 Disagree (In disaccordo)
5/14/2026 12:17:48,No daily contact with robots | Nessun contatto quotidiano con robot),+3 Strongly agree (Fortemente d’accordo),+3 Strongly agree (Fortemente d’accordo),0 Neutral (Neutrale),+3 Strongly agree (Fortemente d’accordo),-1 Slightly disagree (Leggermente in disaccordo),-1 Slightly disagree (Leggermente in disaccordo),0 Neutral (Neutrale),0 Neutral (Neutrale),+3 Strongly agree (Fortemente d’accordo),+2 Agree (D’accordo),+1 Slightly agree (Leggermente d’accordo),+3 Strongly agree (Fortemente d’accordo),+1 Slightly agree (Leggermente d’accordo),-1 Slightly disagree (Leggermente in disaccordo),-1 Slightly disagree (Leggermente in disaccordo),0 Neutral (Neutrale)
5/14/2026 12:19:46,"Daily interaction with robots (e.g., robotics student or professional worker) (Interazione quotidiana con robot, ad esempio come studente di robotica o professionista del settore)",+1 Slightly agree (Leggermente d’accordo),-1 Slightly disagree (Leggermente in disaccordo),-1 Slightly disagree (Leggermente in disaccordo),0 Neutral (Neutrale),-1 Slightly disagree (Leggermente in disaccordo),-2 Disagree (In disaccordo),-2 Disagree (In disaccordo),-1 Slightly disagree (Leggermente in disaccordo),+1 Slightly agree (Leggermente d’accordo),-1 Slightly disagree (Leggermente in disaccordo),-1 Slightly disagree (Leggermente in disaccordo),0 Neutral (Neutrale),-1 Slightly disagree (Leggermente in disaccordo),-2 Disagree (In disaccordo),-2 Disagree (In disaccordo),-1 Slightly disagree (Leggermente in disaccordo)
5/14/2026 12:24:30,"Daily interaction with robots (e.g., robotics student or professional worker) (Interazione quotidiana con robot, ad esempio come studente di robotica o professionista del settore)",+2 Agree (D’accordo),+1 Slightly agree (Leggermente d’accordo),-2 Disagree (In disaccordo),-1 Slightly disagree (Leggermente in disaccordo),-2 Disagree (In disaccordo),+1 Slightly agree (Leggermente d’accordo),-1 Slightly disagree (Leggermente in disaccordo),-2 Disagree (In disaccordo),+2 Agree (D’accordo),+2 Agree (D’accordo),-2 Disagree (In disaccordo),0 Neutral (Neutrale),+1 Slightly agree (Leggermente d’accordo),-2 Disagree (In disaccordo),-2 Disagree (In disaccordo),-1 Slightly disagree (Leggermente in disaccordo)
5/14/2026 12:24:45,No daily contact with robots | Nessun contatto quotidiano con robot),-2 Disagree (In disaccordo),-2 Disagree (In disaccordo),-2 Disagree (In disaccordo),-1 Slightly disagree (Leggermente in disaccordo),-3 Strongly disagree (Fortemente in disaccordo),-3 Strongly disagree (Fortemente in disaccordo),-3 Strongly disagree (Fortemente in disaccordo),-2 Disagree (In disaccordo),-2 Disagree (In disaccordo),-2 Disagree (In disaccordo),-2 Disagree (In disaccordo),-1 Slightly disagree (Leggermente in disaccordo),-3 Strongly disagree (Fortemente in disaccordo),-3 Strongly disagree (Fortemente in disaccordo),-3 Strongly disagree (Fortemente in disaccordo),-2 Disagree (In disaccordo)
5/14/2026 12:25:43,No daily contact with robots | Nessun contatto quotidiano con robot),0 Neutral (Neutrale),-1 Slightly disagree (Leggermente in disaccordo),-2 Disagree (In disaccordo),+1 Slightly agree (Leggermente d’accordo),+1 Slightly agree (Leggermente d’accordo),-1 Slightly disagree (Leggermente in disaccordo),-2 Disagree (In disaccordo),0 Neutral (Neutrale),+1 Slightly agree (Leggermente d’accordo),+1 Slightly agree (Leggermente d’accordo),-1 Slightly disagree (Leggermente in disaccordo),+1 Slightly agree (Leggermente d’accordo),-2 Disagree (In disaccordo),-1 Slightly disagree (Leggermente in disaccordo),-2 Disagree (In disaccordo),-1 Slightly disagree (Leggermente in disaccordo)
5/14/2026 12:36:06,No daily contact with robots | Nessun contatto quotidiano con robot),+2 Agree (D’accordo),+2 Agree (D’accordo),+3 Strongly agree (Fortemente d’accordo),+2 Agree (D’accordo),-1 Slightly disagree (Leggermente in disaccordo),-1 Slightly disagree (Leggermente in disaccordo),-1 Slightly disagree (Leggermente in disaccordo),+3 Strongly agree (Fortemente d’accordo),+2 Agree (D’accordo),+2 Agree (D’accordo),+2 Agree (D’accordo),+3 Strongly agree (Fortemente d’accordo),-2 Disagree (In disaccordo),+2 Agree (D’accordo),-2 Disagree (In disaccordo),-2 Disagree (In disaccordo)
5/14/2026 12:41:10,No daily contact with robots | Nessun contatto quotidiano con robot),+1 Slightly agree (Leggermente d’accordo),+1 Slightly agree (Leggermente d’accordo),-1 Slightly disagree (Leggermente in disaccordo),0 Neutral (Neutrale),-2 Disagree (In disaccordo),-2 Disagree (In disaccordo),-2 Disagree (In disaccordo),-2 Disagree (In disaccordo),-2 Disagree (In disaccordo),-2 Disagree (In disaccordo),-2 Disagree (In disaccordo),-2 Disagree (In disaccordo),-2 Disagree (In disaccordo),-2 Disagree (In disaccordo),-2 Disagree (In disaccordo),-2 Disagree (In disaccordo)
5/14/2026 12:46:13,No daily contact with robots | Nessun contatto quotidiano con robot),-3 Strongly disagree (Fortemente in disaccordo),-3 Strongly disagree (Fortemente in disaccordo),-3 Strongly disagree (Fortemente in disaccordo),-1 Slightly disagree (Leggermente in disaccordo),-3 Strongly disagree (Fortemente in disaccordo),-3 Strongly disagree (Fortemente in disaccordo),-3 Strongly disagree (Fortemente in disaccordo),-1 Slightly disagree (Leggermente in disaccordo),-3 Strongly disagree (Fortemente in disaccordo),-3 Strongly disagree (Fortemente in disaccordo),-3 Strongly disagree (Fortemente in disaccordo),-1 Slightly disagree (Leggermente in disaccordo),-3 Strongly disagree (Fortemente in disaccordo),-3 Strongly disagree (Fortemente in disaccordo),-3 Strongly disagree (Fortemente in disaccordo),-1 Slightly disagree (Leggermente in disaccordo)
5/14/2026 13:02:30,No daily contact with robots | Nessun contatto quotidiano con robot),+3 Strongly agree (Fortemente d’accordo),+3 Strongly agree (Fortemente d’accordo),-1 Slightly disagree (Leggermente in disaccordo),+3 Strongly agree (Fortemente d’accordo),+2 Agree (D’accordo),+1 Slightly agree (Leggermente d’accordo),+1 Slightly agree (Leggermente d’accordo),+2 Agree (D’accordo),+3 Strongly agree (Fortemente d’accordo),+2 Agree (D’accordo),+1 Slightly agree (Leggermente d’accordo),+2 Agree (D’accordo),+2 Agree (D’accordo),+2 Agree (D’accordo),+1 Slightly agree (Leggermente d’accordo),+2 Agree (D’accordo)
5/14/2026 13:03:56,No daily contact with robots | Nessun contatto quotidiano con robot),-2 Disagree (In disaccordo),-3 Strongly disagree (Fortemente in disaccordo),-3 Strongly disagree (Fortemente in disaccordo),-2 Disagree (In disaccordo),-3 Strongly disagree (Fortemente in disaccordo),-2 Disagree (In disaccordo),-2 Disagree (In disaccordo),-2 Disagree (In disaccordo),+1 Slightly agree (Leggermente d’accordo),-2 Disagree (In disaccordo),-2 Disagree (In disaccordo),-2 Disagree (In disaccordo),-3 Strongly disagree (Fortemente in disaccordo),-3 Strongly disagree (Fortemente in disaccordo),-3 Strongly disagree (Fortemente in disaccordo),-2 Disagree (In disaccordo)
5/14/2026 13:06:41,No daily contact with robots | Nessun contatto quotidiano con robot),-2 Disagree (In disaccordo),-3 Strongly disagree (Fortemente in disaccordo),-3 Strongly disagree (Fortemente in disaccordo),-2 Disagree (In disaccordo),-3 Strongly disagree (Fortemente in disaccordo),-1 Slightly disagree (Leggermente in disaccordo),-2 Disagree (In disaccordo),-2 Disagree (In disaccordo),+1 Slightly agree (Leggermente d’accordo),+1 Slightly agree (Leggermente d’accordo),0 Neutral (Neutrale),+1 Slightly agree (Leggermente d’accordo),-2 Disagree (In disaccordo),-2 Disagree (In disaccordo),0 Neutral (Neutrale),-2 Disagree (In disaccordo)
5/14/2026 13:08:12,No daily contact with robots | Nessun contatto quotidiano con robot),+1 Slightly agree (Leggermente d’accordo),0 Neutral (Neutrale),+2 Agree (D’accordo),+2 Agree (D’accordo),+1 Slightly agree (Leggermente d’accordo),-1 Slightly disagree (Leggermente in disaccordo),-2 Disagree (In disaccordo),-1 Slightly disagree (Leggermente in disaccordo),+2 Agree (D’accordo),0 Neutral (Neutrale),+1 Slightly agree (Leggermente d’accordo),-1 Slightly disagree (Leggermente in disaccordo),+1 Slightly agree (Leggermente d’accordo),-2 Disagree (In disaccordo),-1 Slightly disagree (Leggermente in disaccordo),-1 Slightly disagree (Leggermente in disaccordo)
5/14/2026 13:10:59,No daily contact with robots | Nessun contatto quotidiano con robot),+1 Slightly agree (Leggermente d’accordo),-1 Slightly disagree (Leggermente in disaccordo),-1 Slightly disagree (Leggermente in disaccordo),0 Neutral (Neutrale),-1 Slightly disagree (Leggermente in disaccordo),-2 Disagree (In disaccordo),-2 Disagree (In disaccordo),-1 Slightly disagree (Leggermente in disaccordo),+1 Slightly agree (Leggermente d’accordo),-1 Slightly disagree (Leggermente in disaccordo),+1 Slightly agree (Leggermente d’accordo),0 Neutral (Neutrale),0 Neutral (Neutrale),-1 Slightly disagree (Leggermente in disaccordo),-1 Slightly disagree (Leggermente in disaccordo),0 Neutral (Neutrale)
5/14/2026 13:19:30,No daily contact with robots | Nessun contatto quotidiano con robot),+3 Strongly agree (Fortemente d’accordo),+2 Agree (D’accordo),+2 Agree (D’accordo),+2 Agree (D’accordo),+1 Slightly agree (Leggermente d’accordo),+1 Slightly agree (Leggermente d’accordo),+2 Agree (D’accordo),+2 Agree (D’accordo),+2 Agree (D’accordo),0 Neutral (Neutrale),-1 Slightly disagree (Leggermente in disaccordo),+2 Agree (D’accordo),0 Neutral (Neutrale),-1 Slightly disagree (Leggermente in disaccordo),-1 Slightly disagree (Leggermente in disaccordo),+1 Slightly agree (Leggermente d’accordo)
5/14/2026 13:19:41,No daily contact with robots | Nessun contatto quotidiano con robot),-1 Slightly disagree (Leggermente in disaccordo),-2 Disagree (In disaccordo),-1 Slightly disagree (Leggermente in disaccordo),-1 Slightly disagree (Leggermente in disaccordo),0 Neutral (Neutrale),0 Neutral (Neutrale),-1 Slightly disagree (Leggermente in disaccordo),0 Neutral (Neutrale),+1 Slightly agree (Leggermente d’accordo),+1 Slightly agree (Leggermente d’accordo),+1 Slightly agree (Leggermente d’accordo),+1 Slightly agree (Leggermente d’accordo),-1 Slightly disagree (Leggermente in disaccordo),-1 Slightly disagree (Leggermente in disaccordo),0 Neutral (Neutrale),0 Neutral (Neutrale)
5/14/2026 13:25:31,No daily contact with robots | Nessun contatto quotidiano con robot),+1 Slightly agree (Leggermente d’accordo),+1 Slightly agree (Leggermente d’accordo),+2 Agree (D’accordo),+1 Slightly agree (Leggermente d’accordo),+1 Slightly agree (Leggermente d’accordo),+1 Slightly agree (Leggermente d’accordo),+1 Slightly agree (Leggermente d’accordo),+1 Slightly agree (Leggermente d’accordo),+2 Agree (D’accordo),+2 Agree (D’accordo),+2 Agree (D’accordo),+2 Agree (D’accordo),-2 Disagree (In disaccordo),-2 Disagree (In disaccordo),-2 Disagree (In disaccordo),-2 Disagree (In disaccordo)
5/14/2026 13:27:35,No daily contact with robots | Nessun contatto quotidiano con robot),+2 Agree (D’accordo),0 Neutral (Neutrale),+1 Slightly agree (Leggermente d’accordo),+2 Agree (D’accordo),-2 Disagree (In disaccordo),+1 Slightly agree (Leggermente d’accordo),+2 Agree (D’accordo),-1 Slightly disagree (Leggermente in disaccordo),+2 Agree (D’accordo),0 Neutral (Neutrale),+2 Agree (D’accordo),+3 Strongly agree (Fortemente d’accordo),0 Neutral (Neutrale),-1 Slightly disagree (Leggermente in disaccordo),+2 Agree (D’accordo),+1 Slightly agree (Leggermente d’accordo)
5/14/2026 13:32:06,"Daily interaction with robots (e.g., robotics student or professional worker) (Interazione quotidiana con robot, ad esempio come studente di robotica o professionista del settore)",+1 Slightly agree (Leggermente d’accordo),-1 Slightly disagree (Leggermente in disaccordo),-1 Slightly disagree (Leggermente in disaccordo),+1 Slightly agree (Leggermente d’accordo),-2 Disagree (In disaccordo),+1 Slightly agree (Leggermente d’accordo),0 Neutral (Neutrale),0 Neutral (Neutrale),+1 Slightly agree (Leggermente d’accordo),-2 Disagree (In disaccordo),-1 Slightly disagree (Leggermente in disaccordo),0 Neutral (Neutrale),-2 Disagree (In disaccordo),-1 Slightly disagree (Leggermente in disaccordo),0 Neutral (Neutrale),-1 Slightly disagree (Leggermente in disaccordo)
5/14/2026 13:32:58,No daily contact with robots | Nessun contatto quotidiano con robot),0 Neutral (Neutrale),+2 Agree (D’accordo),+1 Slightly agree (Leggermente d’accordo),+2 Agree (D’accordo),+2 Agree (D’accordo),+2 Agree (D’accordo),+2 Agree (D’accordo),+2 Agree (D’accordo),+2 Agree (D’accordo),+1 Slightly agree (Leggermente d’accordo),+1 Slightly agree (Leggermente d’accordo),+2 Agree (D’accordo),+2 Agree (D’accordo),+2 Agree (D’accordo),+2 Agree (D’accordo),+2 Agree (D’accordo)
5/14/2026 13:34:07,No daily contact with robots | Nessun contatto quotidiano con robot),-1 Slightly disagree (Leggermente in disaccordo),-2 Disagree (In disaccordo),-2 Disagree (In disaccordo),-1 Slightly disagree (Leggermente in disaccordo),-3 Strongly disagree (Fortemente in disaccordo),-2 Disagree (In disaccordo),-2 Disagree (In disaccordo),-3 Strongly disagree (Fortemente in disaccordo),-1 Slightly disagree (Leggermente in disaccordo),-2 Disagree (In disaccordo),-2 Disagree (In disaccordo),-2 Disagree (In disaccordo),-2 Disagree (In disaccordo),-2 Disagree (In disaccordo),-2 Disagree (In disaccordo),-2 Disagree (In disaccordo)
5/14/2026 13:34:19,No daily contact with robots | Nessun contatto quotidiano con robot),-1 Slightly disagree (Leggermente in disaccordo),-2 Disagree (In disaccordo),-2 Disagree (In disaccordo),-2 Disagree (In disaccordo),-2 Disagree (In disaccordo),-2 Disagree (In disaccordo),-2 Disagree (In disaccordo),-2 Disagree (In disaccordo),-1 Slightly disagree (Leggermente in disaccordo),-1 Slightly disagree (Leggermente in disaccordo),-1 Slightly disagree (Leggermente in disaccordo),-1 Slightly disagree (Leggermente in disaccordo),-2 Disagree (In disaccordo),-1 Slightly disagree (Leggermente in disaccordo),-1 Slightly disagree (Leggermente in disaccordo),-1 Slightly disagree (Leggermente in disaccordo)
5/14/2026 13:37:31,No daily contact with robots | Nessun contatto quotidiano con robot),+2 Agree (D’accordo),+1 Slightly agree (Leggermente d’accordo),+2 Agree (D’accordo),+2 Agree (D’accordo),+1 Slightly agree (Leggermente d’accordo),+1 Slightly agree (Leggermente d’accordo),+1 Slightly agree (Leggermente d’accordo),+2 Agree (D’accordo),+2 Agree (D’accordo),+2 Agree (D’accordo),+1 Slightly agree (Leggermente d’accordo),+1 Slightly agree (Leggermente d’accordo),+2 Agree (D’accordo),+2 Agree (D’accordo),+3 Strongly agree (Fortemente d’accordo),+2 Agree (D’accordo)
5/14/2026 13:46:26,No daily contact with robots | Nessun contatto quotidiano con robot),0 Neutral (Neutrale),-1 Slightly disagree (Leggermente in disaccordo),0 Neutral (Neutrale),0 Neutral (Neutrale),0 Neutral (Neutrale),0 Neutral (Neutrale),+1 Slightly agree (Leggermente d’accordo),+1 Slightly agree (Leggermente d’accordo),+1 Slightly agree (Leggermente d’accordo),+1 Slightly agree (Leggermente d’accordo),+1 Slightly agree (Leggermente d’accordo),+1 Slightly agree (Leggermente d’accordo),+1 Slightly agree (Leggermente d’accordo),+1 Slightly agree (Leggermente d’accordo),+1 Slightly agree (Leggermente d’accordo),+1 Slightly agree (Leggermente d’accordo)
5/14/2026 13:50:00,No daily contact with robots | Nessun contatto quotidiano con robot),-2 Disagree (In disaccordo),-2 Disagree (In disaccordo),-2 Disagree (In disaccordo),-1 Slightly disagree (Leggermente in disaccordo),-2 Disagree (In disaccordo),-2 Disagree (In disaccordo),0 Neutral (Neutrale),0 Neutral (Neutrale),0 Neutral (Neutrale),-2 Disagree (In disaccordo),+1 Slightly agree (Leggermente d’accordo),0 Neutral (Neutrale),0 Neutral (Neutrale),+1 Slightly agree (Leggermente d’accordo),+1 Slightly agree (Leggermente d’accordo),+1 Slightly agree (Leggermente d’accordo)
5/14/2026 13:54:53,No daily contact with robots | Nessun contatto quotidiano con robot),-2 Disagree (In disaccordo),-2 Disagree (In disaccordo),-2 Disagree (In disaccordo),-2 Disagree (In disaccordo),-2 Disagree (In disaccordo),-2 Disagree (In disaccordo),-2 Disagree (In disaccordo),-2 Disagree (In disaccordo),-2 Disagree (In disaccordo),-2 Disagree (In disaccordo),-2 Disagree (In disaccordo),-2 Disagree (In disaccordo),-3 Strongly disagree (Fortemente in disaccordo),-3 Strongly disagree (Fortemente in disaccordo),-3 Strongly disagree (Fortemente in disaccordo),-3 Strongly disagree (Fortemente in disaccordo)
5/14/2026 14:11:54,No daily contact with robots | Nessun contatto quotidiano con robot),-1 Slightly disagree (Leggermente in disaccordo),-1 Slightly disagree (Leggermente in disaccordo),-1 Slightly disagree (Leggermente in disaccordo),0 Neutral (Neutrale),-1 Slightly disagree (Leggermente in disaccordo),-1 Slightly disagree (Leggermente in disaccordo),-1 Slightly disagree (Leggermente in disaccordo),-1 Slightly disagree (Leggermente in disaccordo),-1 Slightly disagree (Leggermente in disaccordo),-1 Slightly disagree (Leggermente in disaccordo),+1 Slightly agree (Leggermente d’accordo),0 Neutral (Neutrale),-1 Slightly disagree (Leggermente in disaccordo),-1 Slightly disagree (Leggermente in disaccordo),0 Neutral (Neutrale),+1 Slightly agree (Leggermente d’accordo)
5/14/2026 14:14:40,"Daily interaction with robots (e.g., robotics student or professional worker) (Interazione quotidiana con robot, ad esempio come studente di robotica o professionista del settore)",0 Neutral (Neutrale),-2 Disagree (In disaccordo),-2 Disagree (In disaccordo),-1 Slightly disagree (Leggermente in disaccordo),-2 Disagree (In disaccordo),-1 Slightly disagree (Leggermente in disaccordo),+2 Agree (D’accordo),-1 Slightly disagree (Leggermente in disaccordo),0 Neutral (Neutrale),-2 Disagree (In disaccordo),-2 Disagree (In disaccordo),-1 Slightly disagree (Leggermente in disaccordo),-2 Disagree (In disaccordo),-1 Slightly disagree (Leggermente in disaccordo),+1 Slightly agree (Leggermente d’accordo),-1 Slightly disagree (Leggermente in disaccordo)
5/14/2026 14:15:16,No daily contact with robots | Nessun contatto quotidiano con robot),+1 Slightly agree (Leggermente d’accordo),+1 Slightly agree (Leggermente d’accordo),+1 Slightly agree (Leggermente d’accordo),+1 Slightly agree (Leggermente d’accordo),-1 Slightly disagree (Leggermente in disaccordo),-1 Slightly disagree (Leggermente in disaccordo),-2 Disagree (In disaccordo),-1 Slightly disagree (Leggermente in disaccordo),+2 Agree (D’accordo),+1 Slightly agree (Leggermente d’accordo),+1 Slightly agree (Leggermente d’accordo),+1 Slightly agree (Leggermente d’accordo),0 Neutral (Neutrale),0 Neutral (Neutrale),-1 Slightly disagree (Leggermente in disaccordo),0 Neutral (Neutrale)
5/14/2026 14:22:33,No daily contact with robots | Nessun contatto quotidiano con robot),+1 Slightly agree (Leggermente d’accordo),-2 Disagree (In disaccordo),-3 Strongly disagree (Fortemente in disaccordo),0 Neutral (Neutrale),-2 Disagree (In disaccordo),+3 Strongly agree (Fortemente d’accordo),0 Neutral (Neutrale),-1 Slightly disagree (Leggermente in disaccordo),-1 Slightly disagree (Leggermente in disaccordo),0 Neutral (Neutrale),-3 Strongly disagree (Fortemente in disaccordo),-1 Slightly disagree (Leggermente in disaccordo),+3 Strongly agree (Fortemente d’accordo),-1 Slightly disagree (Leggermente in disaccordo),+2 Agree (D’accordo),0 Neutral (Neutrale)
5/14/2026 14:23:22,"Daily interaction with robots (e.g., robotics student or professional worker) (Interazione quotidiana con robot, ad esempio come studente di robotica o professionista del settore)",+1 Slightly agree (Leggermente d’accordo),-1 Slightly disagree (Leggermente in disaccordo),-3 Strongly disagree (Fortemente in disaccordo),-1 Slightly disagree (Leggermente in disaccordo),-2 Disagree (In disaccordo),-3 Strongly disagree (Fortemente in disaccordo),-3 Strongly disagree (Fortemente in disaccordo),-2 Disagree (In disaccordo),+1 Slightly agree (Leggermente d’accordo),-1 Slightly disagree (Leggermente in disaccordo),-1 Slightly disagree (Leggermente in disaccordo),-1 Slightly disagree (Leggermente in disaccordo),-2 Disagree (In disaccordo),-1 Slightly disagree (Leggermente in disaccordo),-3 Strongly disagree (Fortemente in disaccordo),-2 Disagree (In disaccordo)
5/14/2026 14:24:14,"Daily interaction with robots (e.g., robotics student or professional worker) (Interazione quotidiana con robot, ad esempio come studente di robotica o professionista del settore)",+1 Slightly agree (Leggermente d’accordo),+1 Slightly agree (Leggermente d’accordo),+1 Slightly agree (Leggermente d’accordo),+1 Slightly agree (Leggermente d’accordo),-3 Strongly disagree (Fortemente in disaccordo),-3 Strongly disagree (Fortemente in disaccordo),-3 Strongly disagree (Fortemente in disaccordo),-3 Strongly disagree (Fortemente in disaccordo),-1 Slightly disagree (Leggermente in disaccordo),-1 Slightly disagree (Leggermente in disaccordo),-1 Slightly disagree (Leggermente in disaccordo),-1 Slightly disagree (Leggermente in disaccordo),-3 Strongly disagree (Fortemente in disaccordo),-3 Strongly disagree (Fortemente in disaccordo),-3 Strongly disagree (Fortemente in disaccordo),-3 Strongly disagree (Fortemente in disaccordo)
5/14/2026 14:27:08,No daily contact with robots | Nessun contatto quotidiano con robot),+1 Slightly agree (Leggermente d’accordo),+2 Agree (D’accordo),+1 Slightly agree (Leggermente d’accordo),+2 Agree (D’accordo),-1 Slightly disagree (Leggermente in disaccordo),+1 Slightly agree (Leggermente d’accordo),0 Neutral (Neutrale),-1 Slightly disagree (Leggermente in disaccordo),0 Neutral (Neutrale),0 Neutral (Neutrale),+1 Slightly agree (Leggermente d’accordo),+1 Slightly agree (Leggermente d’accordo),-1 Slightly disagree (Leggermente in disaccordo),-2 Disagree (In disaccordo),0 Neutral (Neutrale),-1 Slightly disagree (Leggermente in disaccordo)
5/14/2026 14:27:19,"Daily interaction with robots (e.g., robotics student or professional worker) (Interazione quotidiana con robot, ad esempio come studente di robotica o professionista del settore)",-1 Slightly disagree (Leggermente in disaccordo),-2 Disagree (In disaccordo),-2 Disagree (In disaccordo),0 Neutral (Neutrale),-2 Disagree (In disaccordo),-2 Disagree (In disaccordo),-2 Disagree (In disaccordo),-2 Disagree (In disaccordo),-2 Disagree (In disaccordo),-2 Disagree (In disaccordo),-2 Disagree (In disaccordo),-2 Disagree (In disaccordo),-2 Disagree (In disaccordo),-2 Disagree (In disaccordo),-2 Disagree (In disaccordo),-2 Disagree (In disaccordo)
5/14/2026 14:28:00,No daily contact with robots | Nessun contatto quotidiano con robot),-1 Slightly disagree (Leggermente in disaccordo),-2 Disagree (In disaccordo),-2 Disagree (In disaccordo),-1 Slightly disagree (Leggermente in disaccordo),-1 Slightly disagree (Leggermente in disaccordo),-2 Disagree (In disaccordo),-2 Disagree (In disaccordo),-1 Slightly disagree (Leggermente in disaccordo),-1 Slightly disagree (Leggermente in disaccordo),-1 Slightly disagree (Leggermente in disaccordo),-1 Slightly disagree (Leggermente in disaccordo),-1 Slightly disagree (Leggermente in disaccordo),-2 Disagree (In disaccordo),-2 Disagree (In disaccordo),-3 Strongly disagree (Fortemente in disaccordo),-2 Disagree (In disaccordo)
5/14/2026 14:28:41,,-1 Slightly disagree (Leggermente in disaccordo),-1 Slightly disagree (Leggermente in disaccordo),-2 Disagree (In disaccordo),-1 Slightly disagree (Leggermente in disaccordo),-1 Slightly disagree (Leggermente in disaccordo),-1 Slightly disagree (Leggermente in disaccordo),-2 Disagree (In disaccordo),-1 Slightly disagree (Leggermente in disaccordo),-1 Slightly disagree (Leggermente in disaccordo),-1 Slightly disagree (Leggermente in disaccordo),-1 Slightly disagree (Leggermente in disaccordo),-1 Slightly disagree (Leggermente in disaccordo),-2 Disagree (In disaccordo),-2 Disagree (In disaccordo),-2 Disagree (In disaccordo),-2 Disagree (In disaccordo)
5/14/2026 14:28:48,No daily contact with robots | Nessun contatto quotidiano con robot),0 Neutral (Neutrale),-2 Disagree (In disaccordo),+1 Slightly agree (Leggermente d’accordo),-1 Slightly disagree (Leggermente in disaccordo),0 Neutral (Neutrale),-2 Disagree (In disaccordo),+1 Slightly agree (Leggermente d’accordo),-1 Slightly disagree (Leggermente in disaccordo),0 Neutral (Neutrale),-2 Disagree (In disaccordo),+1 Slightly agree (Leggermente d’accordo),-1 Slightly disagree (Leggermente in disaccordo),0 Neutral (Neutrale),-2 Disagree (In disaccordo),+1 Slightly agree (Leggermente d’accordo),-1 Slightly disagree (Leggermente in disaccordo)
5/14/2026 14:33:18,No daily contact with robots | Nessun contatto quotidiano con robot),+1 Slightly agree (Leggermente d’accordo),+1 Slightly agree (Leggermente d’accordo),-1 Slightly disagree (Leggermente in disaccordo),+1 Slightly agree (Leggermente d’accordo),+1 Slightly agree (Leggermente d’accordo),+1 Slightly agree (Leggermente d’accordo),+1 Slightly agree (Leggermente d’accordo),+2 Agree (D’accordo),+1 Slightly agree (Leggermente d’accordo),+1 Slightly agree (Leggermente d’accordo),0 Neutral (Neutrale),+1 Slightly agree (Leggermente d’accordo),0 Neutral (Neutrale),-1 Slightly disagree (Leggermente in disaccordo),-1 Slightly disagree (Leggermente in disaccordo),0 Neutral (Neutrale)