condition,condition_label,policy,pov,axis,n,mean,median,q1,q3,iqr,percent_negative,percent_neutral,percent_positive
q1,Policy A - first person,A,first_person,awareness,70,-0.94,-1.0,-2.0,0.0,2.0,71.43,4.29,24.29
q1,Policy A - first person,A,first_person,competence_control,70,0.11,0.0,-1.0,1.0,2.0,38.57,12.86,48.57
q1,Policy A - first person,A,first_person,positive_impression,70,-0.01,0.0,-1.0,1.0,2.0,41.43,21.43,37.14
q1,Policy A - first person,A,first_person,safety,70,-0.76,-1.0,-2.0,1.0,3.0,67.14,4.29,28.57
q2,Policy B - first person,B,first_person,awareness,70,-0.94,-1.0,-2.0,1.0,3.0,64.29,8.57,27.14
q2,Policy B - first person,B,first_person,competence_control,70,-0.96,-1.0,-2.0,0.75,2.75,64.29,10.0,25.71
q2,Policy B - first person,B,first_person,positive_impression,70,-0.69,-1.0,-2.0,0.0,2.0,64.29,14.29,21.43
q2,Policy B - first person,B,first_person,safety,70,-0.8,-1.0,-2.0,1.0,3.0,61.43,5.71,32.86
q3,Policy A - third person,A,third_person,awareness,70,-0.71,-1.0,-2.0,1.0,3.0,64.29,7.14,28.57
q3,Policy A - third person,A,third_person,competence_control,70,0.34,1.0,-1.0,2.0,3.0,35.71,10.0,54.29
q3,Policy A - third person,A,third_person,positive_impression,70,-0.07,0.0,-1.0,1.0,2.0,45.71,17.14,37.14
q3,Policy A - third person,A,third_person,safety,70,-0.53,-1.0,-2.0,1.0,3.0,55.71,15.71,28.57
q4,Policy B - third person,B,third_person,awareness,70,-1.06,-1.5,-2.0,0.0,2.0,68.57,10.0,21.43
q4,Policy B - third person,B,third_person,competence_control,70,-1.06,-1.0,-2.0,-1.0,1.0,75.71,7.14,17.14
q4,Policy B - third person,B,third_person,positive_impression,70,-0.8,-1.0,-2.0,0.0,2.0,65.71,12.86,21.43
q4,Policy B - third person,B,third_person,safety,70,-1.07,-1.0,-2.0,0.0,2.0,68.57,14.29,17.14
