condition,condition_label,policy,pov,axis,-3,-2,-1,0,1,2,3
q1,Policy A - first person,A,first_person,awareness,15.7,31.4,24.3,4.3,11.4,10.0,2.9
q1,Policy A - first person,A,first_person,competence_control,5.7,12.9,20.0,12.9,27.1,17.1,4.3
q1,Policy A - first person,A,first_person,positive_impression,2.9,15.7,22.9,21.4,15.7,18.6,2.9
q1,Policy A - first person,A,first_person,safety,11.4,32.9,22.9,4.3,14.3,10.0,4.3
q1,Policy A - first person,A,third_person,awareness,,,,,,,
q1,Policy A - first person,A,third_person,competence_control,,,,,,,
q1,Policy A - first person,A,third_person,positive_impression,,,,,,,
q1,Policy A - first person,A,third_person,safety,,,,,,,
q1,Policy A - first person,B,first_person,awareness,,,,,,,
q1,Policy A - first person,B,first_person,competence_control,,,,,,,
q1,Policy A - first person,B,first_person,positive_impression,,,,,,,
q1,Policy A - first person,B,first_person,safety,,,,,,,
q1,Policy A - first person,B,third_person,awareness,,,,,,,
q1,Policy A - first person,B,third_person,competence_control,,,,,,,
q1,Policy A - first person,B,third_person,positive_impression,,,,,,,
q1,Policy A - first person,B,third_person,safety,,,,,,,
q1,Policy A - third person,A,first_person,awareness,,,,,,,
q1,Policy A - third person,A,first_person,competence_control,,,,,,,
q1,Policy A - third person,A,first_person,positive_impression,,,,,,,
q1,Policy A - third person,A,first_person,safety,,,,,,,
q1,Policy A - third person,A,third_person,awareness,,,,,,,
q1,Policy A - third person,A,third_person,competence_control,,,,,,,
q1,Policy A - third person,A,third_person,positive_impression,,,,,,,
q1,Policy A - third person,A,third_person,safety,,,,,,,
q1,Policy A - third person,B,first_person,awareness,,,,,,,
q1,Policy A - third person,B,first_person,competence_control,,,,,,,
q1,Policy A - third person,B,first_person,positive_impression,,,,,,,
q1,Policy A - third person,B,first_person,safety,,,,,,,
q1,Policy A - third person,B,third_person,awareness,,,,,,,
q1,Policy A - third person,B,third_person,competence_control,,,,,,,
q1,Policy A - third person,B,third_person,positive_impression,,,,,,,
q1,Policy A - third person,B,third_person,safety,,,,,,,
q1,Policy B - first person,A,first_person,awareness,,,,,,,
q1,Policy B - first person,A,first_person,competence_control,,,,,,,
q1,Policy B - first person,A,first_person,positive_impression,,,,,,,
q1,Policy B - first person,A,first_person,safety,,,,,,,
q1,Policy B - first person,A,third_person,awareness,,,,,,,
q1,Policy B - first person,A,third_person,competence_control,,,,,,,
q1,Policy B - first person,A,third_person,positive_impression,,,,,,,
q1,Policy B - first person,A,third_person,safety,,,,,,,
q1,Policy B - first person,B,first_person,awareness,,,,,,,
q1,Policy B - first person,B,first_person,competence_control,,,,,,,
q1,Policy B - first person,B,first_person,positive_impression,,,,,,,
q1,Policy B - first person,B,first_person,safety,,,,,,,
q1,Policy B - first person,B,third_person,awareness,,,,,,,
q1,Policy B - first person,B,third_person,competence_control,,,,,,,
q1,Policy B - first person,B,third_person,positive_impression,,,,,,,
q1,Policy B - first person,B,third_person,safety,,,,,,,
q1,Policy B - third person,A,first_person,awareness,,,,,,,
q1,Policy B - third person,A,first_person,competence_control,,,,,,,
q1,Policy B - third person,A,first_person,positive_impression,,,,,,,
q1,Policy B - third person,A,first_person,safety,,,,,,,
q1,Policy B - third person,A,third_person,awareness,,,,,,,
q1,Policy B - third person,A,third_person,competence_control,,,,,,,
q1,Policy B - third person,A,third_person,positive_impression,,,,,,,
q1,Policy B - third person,A,third_person,safety,,,,,,,
q1,Policy B - third person,B,first_person,awareness,,,,,,,
q1,Policy B - third person,B,first_person,competence_control,,,,,,,
q1,Policy B - third person,B,first_person,positive_impression,,,,,,,
q1,Policy B - third person,B,first_person,safety,,,,,,,
q1,Policy B - third person,B,third_person,awareness,,,,,,,
q1,Policy B - third person,B,third_person,competence_control,,,,,,,
q1,Policy B - third person,B,third_person,positive_impression,,,,,,,
q1,Policy B - third person,B,third_person,safety,,,,,,,
q2,Policy A - first person,A,first_person,awareness,,,,,,,
q2,Policy A - first person,A,first_person,competence_control,,,,,,,
q2,Policy A - first person,A,first_person,positive_impression,,,,,,,
q2,Policy A - first person,A,first_person,safety,,,,,,,
q2,Policy A - first person,A,third_person,awareness,,,,,,,
q2,Policy A - first person,A,third_person,competence_control,,,,,,,
q2,Policy A - first person,A,third_person,positive_impression,,,,,,,
q2,Policy A - first person,A,third_person,safety,,,,,,,
q2,Policy A - first person,B,first_person,awareness,,,,,,,
q2,Policy A - first person,B,first_person,competence_control,,,,,,,
q2,Policy A - first person,B,first_person,positive_impression,,,,,,,
q2,Policy A - first person,B,first_person,safety,,,,,,,
q2,Policy A - first person,B,third_person,awareness,,,,,,,
q2,Policy A - first person,B,third_person,competence_control,,,,,,,
q2,Policy A - first person,B,third_person,positive_impression,,,,,,,
q2,Policy A - first person,B,third_person,safety,,,,,,,
q2,Policy A - third person,A,first_person,awareness,,,,,,,
q2,Policy A - third person,A,first_person,competence_control,,,,,,,
q2,Policy A - third person,A,first_person,positive_impression,,,,,,,
q2,Policy A - third person,A,first_person,safety,,,,,,,
q2,Policy A - third person,A,third_person,awareness,,,,,,,
q2,Policy A - third person,A,third_person,competence_control,,,,,,,
q2,Policy A - third person,A,third_person,positive_impression,,,,,,,
q2,Policy A - third person,A,third_person,safety,,,,,,,
q2,Policy A - third person,B,first_person,awareness,,,,,,,
q2,Policy A - third person,B,first_person,competence_control,,,,,,,
q2,Policy A - third person,B,first_person,positive_impression,,,,,,,
q2,Policy A - third person,B,first_person,safety,,,,,,,
q2,Policy A - third person,B,third_person,awareness,,,,,,,
q2,Policy A - third person,B,third_person,competence_control,,,,,,,
q2,Policy A - third person,B,third_person,positive_impression,,,,,,,
q2,Policy A - third person,B,third_person,safety,,,,,,,
q2,Policy B - first person,A,first_person,awareness,,,,,,,
q2,Policy B - first person,A,first_person,competence_control,,,,,,,
q2,Policy B - first person,A,first_person,positive_impression,,,,,,,
q2,Policy B - first person,A,first_person,safety,,,,,,,
q2,Policy B - first person,A,third_person,awareness,,,,,,,
q2,Policy B - first person,A,third_person,competence_control,,,,,,,
q2,Policy B - first person,A,third_person,positive_impression,,,,,,,
q2,Policy B - first person,A,third_person,safety,,,,,,,
q2,Policy B - first person,B,first_person,awareness,17.1,31.4,15.7,8.6,18.6,8.6,0.0
q2,Policy B - first person,B,first_person,competence_control,18.6,25.7,20.0,10.0,20.0,5.7,0.0
q2,Policy B - first person,B,first_person,positive_impression,5.7,27.1,31.4,14.3,10.0,10.0,1.4
q2,Policy B - first person,B,first_person,safety,17.1,24.3,20.0,5.7,27.1,4.3,1.4
q2,Policy B - first person,B,third_person,awareness,,,,,,,
q2,Policy B - first person,B,third_person,competence_control,,,,,,,
q2,Policy B - first person,B,third_person,positive_impression,,,,,,,
q2,Policy B - first person,B,third_person,safety,,,,,,,
q2,Policy B - third person,A,first_person,awareness,,,,,,,
q2,Policy B - third person,A,first_person,competence_control,,,,,,,
q2,Policy B - third person,A,first_person,positive_impression,,,,,,,
q2,Policy B - third person,A,first_person,safety,,,,,,,
q2,Policy B - third person,A,third_person,awareness,,,,,,,
q2,Policy B - third person,A,third_person,competence_control,,,,,,,
q2,Policy B - third person,A,third_person,positive_impression,,,,,,,
q2,Policy B - third person,A,third_person,safety,,,,,,,
q2,Policy B - third person,B,first_person,awareness,,,,,,,
q2,Policy B - third person,B,first_person,competence_control,,,,,,,
q2,Policy B - third person,B,first_person,positive_impression,,,,,,,
q2,Policy B - third person,B,first_person,safety,,,,,,,
q2,Policy B - third person,B,third_person,awareness,,,,,,,
q2,Policy B - third person,B,third_person,competence_control,,,,,,,
q2,Policy B - third person,B,third_person,positive_impression,,,,,,,
q2,Policy B - third person,B,third_person,safety,,,,,,,
q3,Policy A - first person,A,first_person,awareness,,,,,,,
q3,Policy A - first person,A,first_person,competence_control,,,,,,,
q3,Policy A - first person,A,first_person,positive_impression,,,,,,,
q3,Policy A - first person,A,first_person,safety,,,,,,,
q3,Policy A - first person,A,third_person,awareness,,,,,,,
q3,Policy A - first person,A,third_person,competence_control,,,,,,,
q3,Policy A - first person,A,third_person,positive_impression,,,,,,,
q3,Policy A - first person,A,third_person,safety,,,,,,,
q3,Policy A - first person,B,first_person,awareness,,,,,,,
q3,Policy A - first person,B,first_person,competence_control,,,,,,,
q3,Policy A - first person,B,first_person,positive_impression,,,,,,,
q3,Policy A - first person,B,first_person,safety,,,,,,,
q3,Policy A - first person,B,third_person,awareness,,,,,,,
q3,Policy A - first person,B,third_person,competence_control,,,,,,,
q3,Policy A - first person,B,third_person,positive_impression,,,,,,,
q3,Policy A - first person,B,third_person,safety,,,,,,,
q3,Policy A - third person,A,first_person,awareness,,,,,,,
q3,Policy A - third person,A,first_person,competence_control,,,,,,,
q3,Policy A - third person,A,first_person,positive_impression,,,,,,,
q3,Policy A - third person,A,first_person,safety,,,,,,,
q3,Policy A - third person,A,third_person,awareness,7.1,28.6,28.6,7.1,21.4,7.1,0.0
q3,Policy A - third person,A,third_person,competence_control,2.9,11.4,21.4,10.0,25.7,24.3,4.3
q3,Policy A - third person,A,third_person,positive_impression,1.4,15.7,28.6,17.1,21.4,11.4,4.3
q3,Policy A - third person,A,third_person,safety,5.7,28.6,21.4,15.7,14.3,14.3,0.0
q3,Policy A - third person,B,first_person,awareness,,,,,,,
q3,Policy A - third person,B,first_person,competence_control,,,,,,,
q3,Policy A - third person,B,first_person,positive_impression,,,,,,,
q3,Policy A - third person,B,first_person,safety,,,,,,,
q3,Policy A - third person,B,third_person,awareness,,,,,,,
q3,Policy A - third person,B,third_person,competence_control,,,,,,,
q3,Policy A - third person,B,third_person,positive_impression,,,,,,,
q3,Policy A - third person,B,third_person,safety,,,,,,,
q3,Policy B - first person,A,first_person,awareness,,,,,,,
q3,Policy B - first person,A,first_person,competence_control,,,,,,,
q3,Policy B - first person,A,first_person,positive_impression,,,,,,,
q3,Policy B - first person,A,first_person,safety,,,,,,,
q3,Policy B - first person,A,third_person,awareness,,,,,,,
q3,Policy B - first person,A,third_person,competence_control,,,,,,,
q3,Policy B - first person,A,third_person,positive_impression,,,,,,,
q3,Policy B - first person,A,third_person,safety,,,,,,,
q3,Policy B - first person,B,first_person,awareness,,,,,,,
q3,Policy B - first person,B,first_person,competence_control,,,,,,,
q3,Policy B - first person,B,first_person,positive_impression,,,,,,,
q3,Policy B - first person,B,first_person,safety,,,,,,,
q3,Policy B - first person,B,third_person,awareness,,,,,,,
q3,Policy B - first person,B,third_person,competence_control,,,,,,,
q3,Policy B - first person,B,third_person,positive_impression,,,,,,,
q3,Policy B - first person,B,third_person,safety,,,,,,,
q3,Policy B - third person,A,first_person,awareness,,,,,,,
q3,Policy B - third person,A,first_person,competence_control,,,,,,,
q3,Policy B - third person,A,first_person,positive_impression,,,,,,,
q3,Policy B - third person,A,first_person,safety,,,,,,,
q3,Policy B - third person,A,third_person,awareness,,,,,,,
q3,Policy B - third person,A,third_person,competence_control,,,,,,,
q3,Policy B - third person,A,third_person,positive_impression,,,,,,,
q3,Policy B - third person,A,third_person,safety,,,,,,,
q3,Policy B - third person,B,first_person,awareness,,,,,,,
q3,Policy B - third person,B,first_person,competence_control,,,,,,,
q3,Policy B - third person,B,first_person,positive_impression,,,,,,,
q3,Policy B - third person,B,first_person,safety,,,,,,,
q3,Policy B - third person,B,third_person,awareness,,,,,,,
q3,Policy B - third person,B,third_person,competence_control,,,,,,,
q3,Policy B - third person,B,third_person,positive_impression,,,,,,,
q3,Policy B - third person,B,third_person,safety,,,,,,,
q4,Policy A - first person,A,first_person,awareness,,,,,,,
q4,Policy A - first person,A,first_person,competence_control,,,,,,,
q4,Policy A - first person,A,first_person,positive_impression,,,,,,,
q4,Policy A - first person,A,first_person,safety,,,,,,,
q4,Policy A - first person,A,third_person,awareness,,,,,,,
q4,Policy A - first person,A,third_person,competence_control,,,,,,,
q4,Policy A - first person,A,third_person,positive_impression,,,,,,,
q4,Policy A - first person,A,third_person,safety,,,,,,,
q4,Policy A - first person,B,first_person,awareness,,,,,,,
q4,Policy A - first person,B,first_person,competence_control,,,,,,,
q4,Policy A - first person,B,first_person,positive_impression,,,,,,,
q4,Policy A - first person,B,first_person,safety,,,,,,,
q4,Policy A - first person,B,third_person,awareness,,,,,,,
q4,Policy A - first person,B,third_person,competence_control,,,,,,,
q4,Policy A - first person,B,third_person,positive_impression,,,,,,,
q4,Policy A - first person,B,third_person,safety,,,,,,,
q4,Policy A - third person,A,first_person,awareness,,,,,,,
q4,Policy A - third person,A,first_person,competence_control,,,,,,,
q4,Policy A - third person,A,first_person,positive_impression,,,,,,,
q4,Policy A - third person,A,first_person,safety,,,,,,,
q4,Policy A - third person,A,third_person,awareness,,,,,,,
q4,Policy A - third person,A,third_person,competence_control,,,,,,,
q4,Policy A - third person,A,third_person,positive_impression,,,,,,,
q4,Policy A - third person,A,third_person,safety,,,,,,,
q4,Policy A - third person,B,first_person,awareness,,,,,,,
q4,Policy A - third person,B,first_person,competence_control,,,,,,,
q4,Policy A - third person,B,first_person,positive_impression,,,,,,,
q4,Policy A - third person,B,first_person,safety,,,,,,,
q4,Policy A - third person,B,third_person,awareness,,,,,,,
q4,Policy A - third person,B,third_person,competence_control,,,,,,,
q4,Policy A - third person,B,third_person,positive_impression,,,,,,,
q4,Policy A - third person,B,third_person,safety,,,,,,,
q4,Policy B - first person,A,first_person,awareness,,,,,,,
q4,Policy B - first person,A,first_person,competence_control,,,,,,,
q4,Policy B - first person,A,first_person,positive_impression,,,,,,,
q4,Policy B - first person,A,first_person,safety,,,,,,,
q4,Policy B - first person,A,third_person,awareness,,,,,,,
q4,Policy B - first person,A,third_person,competence_control,,,,,,,
q4,Policy B - first person,A,third_person,positive_impression,,,,,,,
q4,Policy B - first person,A,third_person,safety,,,,,,,
q4,Policy B - first person,B,first_person,awareness,,,,,,,
q4,Policy B - first person,B,first_person,competence_control,,,,,,,
q4,Policy B - first person,B,first_person,positive_impression,,,,,,,
q4,Policy B - first person,B,first_person,safety,,,,,,,
q4,Policy B - first person,B,third_person,awareness,,,,,,,
q4,Policy B - first person,B,third_person,competence_control,,,,,,,
q4,Policy B - first person,B,third_person,positive_impression,,,,,,,
q4,Policy B - first person,B,third_person,safety,,,,,,,
q4,Policy B - third person,A,first_person,awareness,,,,,,,
q4,Policy B - third person,A,first_person,competence_control,,,,,,,
q4,Policy B - third person,A,first_person,positive_impression,,,,,,,
q4,Policy B - third person,A,first_person,safety,,,,,,,
q4,Policy B - third person,A,third_person,awareness,,,,,,,
q4,Policy B - third person,A,third_person,competence_control,,,,,,,
q4,Policy B - third person,A,third_person,positive_impression,,,,,,,
q4,Policy B - third person,A,third_person,safety,,,,,,,
q4,Policy B - third person,B,first_person,awareness,,,,,,,
q4,Policy B - third person,B,first_person,competence_control,,,,,,,
q4,Policy B - third person,B,first_person,positive_impression,,,,,,,
q4,Policy B - third person,B,first_person,safety,,,,,,,
q4,Policy B - third person,B,third_person,awareness,21.4,28.6,18.6,10.0,10.0,10.0,1.4
q4,Policy B - third person,B,third_person,competence_control,11.4,31.4,32.9,7.1,10.0,7.1,0.0
q4,Policy B - third person,B,third_person,positive_impression,5.7,32.9,27.1,12.9,12.9,8.6,0.0
q4,Policy B - third person,B,third_person,safety,17.1,31.4,20.0,14.3,8.6,7.1,1.4
