participant_id,robotics_familiarity,condition,condition_label,policy,pov,axis,score
1,True,q1,Policy A - first person,A,first_person,competence_control,1
1,True,q1,Policy A - first person,A,first_person,safety,2
1,True,q1,Policy A - first person,A,first_person,awareness,-3
1,True,q1,Policy A - first person,A,first_person,positive_impression,0
1,True,q2,Policy B - first person,B,first_person,competence_control,-3
1,True,q2,Policy B - first person,B,first_person,safety,-3
1,True,q2,Policy B - first person,B,first_person,awareness,-3
1,True,q2,Policy B - first person,B,first_person,positive_impression,-1
1,True,q3,Policy A - third person,A,third_person,competence_control,1
1,True,q3,Policy A - third person,A,third_person,safety,2
1,True,q3,Policy A - third person,A,third_person,awareness,-1
1,True,q3,Policy A - third person,A,third_person,positive_impression,1
1,True,q4,Policy B - third person,B,third_person,competence_control,-3
1,True,q4,Policy B - third person,B,third_person,safety,-3
1,True,q4,Policy B - third person,B,third_person,awareness,-3
1,True,q4,Policy B - third person,B,third_person,positive_impression,-2
2,True,q1,Policy A - first person,A,first_person,competence_control,2
2,True,q1,Policy A - first person,A,first_person,safety,1
2,True,q1,Policy A - first person,A,first_person,awareness,2
2,True,q1,Policy A - first person,A,first_person,positive_impression,2
2,True,q2,Policy B - first person,B,first_person,competence_control,0
2,True,q2,Policy B - first person,B,first_person,safety,1
2,True,q2,Policy B - first person,B,first_person,awareness,1
2,True,q2,Policy B - first person,B,first_person,positive_impression,0
2,True,q3,Policy A - third person,A,third_person,competence_control,3
2,True,q3,Policy A - third person,A,third_person,safety,2
2,True,q3,Policy A - third person,A,third_person,awareness,2
2,True,q3,Policy A - third person,A,third_person,positive_impression,2
2,True,q4,Policy B - third person,B,third_person,competence_control,1
2,True,q4,Policy B - third person,B,third_person,safety,1
2,True,q4,Policy B - third person,B,third_person,awareness,2
2,True,q4,Policy B - third person,B,third_person,positive_impression,2
3,False,q1,Policy A - first person,A,first_person,competence_control,-1
3,False,q1,Policy A - first person,A,first_person,safety,-2
3,False,q1,Policy A - first person,A,first_person,awareness,-2
3,False,q1,Policy A - first person,A,first_person,positive_impression,-1
3,False,q2,Policy B - first person,B,first_person,competence_control,-2
3,False,q2,Policy B - first person,B,first_person,safety,-3
3,False,q2,Policy B - first person,B,first_person,awareness,-2
3,False,q2,Policy B - first person,B,first_person,positive_impression,-3
3,False,q3,Policy A - third person,A,third_person,competence_control,-1
3,False,q3,Policy A - third person,A,third_person,safety,-2
3,False,q3,Policy A - third person,A,third_person,awareness,-1
3,False,q3,Policy A - third person,A,third_person,positive_impression,-1
3,False,q4,Policy B - third person,B,third_person,competence_control,-2
3,False,q4,Policy B - third person,B,third_person,safety,-2
3,False,q4,Policy B - third person,B,third_person,awareness,-3
3,False,q4,Policy B - third person,B,third_person,positive_impression,-2
4,False,q1,Policy A - first person,A,first_person,competence_control,2
4,False,q1,Policy A - first person,A,first_person,safety,-1
4,False,q1,Policy A - first person,A,first_person,awareness,0
4,False,q1,Policy A - first person,A,first_person,positive_impression,0
4,False,q2,Policy B - first person,B,first_person,competence_control,2
4,False,q2,Policy B - first person,B,first_person,safety,1
4,False,q2,Policy B - first person,B,first_person,awareness,-1
4,False,q2,Policy B - first person,B,first_person,positive_impression,2
4,False,q3,Policy A - third person,A,third_person,competence_control,2
4,False,q3,Policy A - third person,A,third_person,safety,0
4,False,q3,Policy A - third person,A,third_person,awareness,0
4,False,q3,Policy A - third person,A,third_person,positive_impression,2
4,False,q4,Policy B - third person,B,third_person,competence_control,0
4,False,q4,Policy B - third person,B,third_person,safety,2
4,False,q4,Policy B - third person,B,third_person,awareness,2
4,False,q4,Policy B - third person,B,third_person,positive_impression,1
5,False,q1,Policy A - first person,A,first_person,competence_control,-1
5,False,q1,Policy A - first person,A,first_person,safety,-2
5,False,q1,Policy A - first person,A,first_person,awareness,-2
5,False,q1,Policy A - first person,A,first_person,positive_impression,-1
5,False,q2,Policy B - first person,B,first_person,competence_control,1
5,False,q2,Policy B - first person,B,first_person,safety,1
5,False,q2,Policy B - first person,B,first_person,awareness,2
5,False,q2,Policy B - first person,B,first_person,positive_impression,1
5,False,q3,Policy A - third person,A,third_person,competence_control,2
5,False,q3,Policy A - third person,A,third_person,safety,-1
5,False,q3,Policy A - third person,A,third_person,awareness,-2
5,False,q3,Policy A - third person,A,third_person,positive_impression,-1
5,False,q4,Policy B - third person,B,third_person,competence_control,-2
5,False,q4,Policy B - third person,B,third_person,safety,-2
5,False,q4,Policy B - third person,B,third_person,awareness,-2
5,False,q4,Policy B - third person,B,third_person,positive_impression,-2
6,False,q1,Policy A - first person,A,first_person,competence_control,-2
6,False,q1,Policy A - first person,A,first_person,safety,-2
6,False,q1,Policy A - first person,A,first_person,awareness,-2
6,False,q1,Policy A - first person,A,first_person,positive_impression,-2
6,False,q2,Policy B - first person,B,first_person,competence_control,-2
6,False,q2,Policy B - first person,B,first_person,safety,-2
6,False,q2,Policy B - first person,B,first_person,awareness,-2
6,False,q2,Policy B - first person,B,first_person,positive_impression,-2
6,False,q3,Policy A - third person,A,third_person,competence_control,-2
6,False,q3,Policy A - third person,A,third_person,safety,-2
6,False,q3,Policy A - third person,A,third_person,awareness,-2
6,False,q3,Policy A - third person,A,third_person,positive_impression,-2
6,False,q4,Policy B - third person,B,third_person,competence_control,-2
6,False,q4,Policy B - third person,B,third_person,safety,-2
6,False,q4,Policy B - third person,B,third_person,awareness,-2
6,False,q4,Policy B - third person,B,third_person,positive_impression,-2
7,False,q1,Policy A - first person,A,first_person,competence_control,-1
7,False,q1,Policy A - first person,A,first_person,safety,-3
7,False,q1,Policy A - first person,A,first_person,awareness,-2
7,False,q1,Policy A - first person,A,first_person,positive_impression,0
7,False,q2,Policy B - first person,B,first_person,competence_control,-2
7,False,q2,Policy B - first person,B,first_person,safety,-3
7,False,q2,Policy B - first person,B,first_person,awareness,-3
7,False,q2,Policy B - first person,B,first_person,positive_impression,-1
7,False,q3,Policy A - third person,A,third_person,competence_control,0
7,False,q3,Policy A - third person,A,third_person,safety,-3
7,False,q3,Policy A - third person,A,third_person,awareness,-2
7,False,q3,Policy A - third person,A,third_person,positive_impression,0
7,False,q4,Policy B - third person,B,third_person,competence_control,-2
7,False,q4,Policy B - third person,B,third_person,safety,-3
7,False,q4,Policy B - third person,B,third_person,awareness,-3
7,False,q4,Policy B - third person,B,third_person,positive_impression,-1
8,False,q1,Policy A - first person,A,first_person,competence_control,-2
8,False,q1,Policy A - first person,A,first_person,safety,-2
8,False,q1,Policy A - first person,A,first_person,awareness,-2
8,False,q1,Policy A - first person,A,first_person,positive_impression,-2
8,False,q2,Policy B - first person,B,first_person,competence_control,1
8,False,q2,Policy B - first person,B,first_person,safety,1
8,False,q2,Policy B - first person,B,first_person,awareness,1
8,False,q2,Policy B - first person,B,first_person,positive_impression,1
8,False,q3,Policy A - third person,A,third_person,competence_control,-2
8,False,q3,Policy A - third person,A,third_person,safety,-2
8,False,q3,Policy A - third person,A,third_person,awareness,-2
8,False,q3,Policy A - third person,A,third_person,positive_impression,-2
8,False,q4,Policy B - third person,B,third_person,competence_control,1
8,False,q4,Policy B - third person,B,third_person,safety,1
8,False,q4,Policy B - third person,B,third_person,awareness,1
8,False,q4,Policy B - third person,B,third_person,positive_impression,1
9,False,q1,Policy A - first person,A,first_person,competence_control,2
9,False,q1,Policy A - first person,A,first_person,safety,0
9,False,q1,Policy A - first person,A,first_person,awareness,1
9,False,q1,Policy A - first person,A,first_person,positive_impression,1
9,False,q2,Policy B - first person,B,first_person,competence_control,1
9,False,q2,Policy B - first person,B,first_person,safety,1
9,False,q2,Policy B - first person,B,first_person,awareness,-1
9,False,q2,Policy B - first person,B,first_person,positive_impression,-1
9,False,q3,Policy A - third person,A,third_person,competence_control,-1
9,False,q3,Policy A - third person,A,third_person,safety,0
9,False,q3,Policy A - third person,A,third_person,awareness,-1
9,False,q3,Policy A - third person,A,third_person,positive_impression,0
9,False,q4,Policy B - third person,B,third_person,competence_control,-1
9,False,q4,Policy B - third person,B,third_person,safety,-1
9,False,q4,Policy B - third person,B,third_person,awareness,0
9,False,q4,Policy B - third person,B,third_person,positive_impression,0
10,True,q1,Policy A - first person,A,first_person,competence_control,1
10,True,q1,Policy A - first person,A,first_person,safety,-3
10,True,q1,Policy A - first person,A,first_person,awareness,-2
10,True,q1,Policy A - first person,A,first_person,positive_impression,-2
10,True,q2,Policy B - first person,B,first_person,competence_control,-2
10,True,q2,Policy B - first person,B,first_person,safety,-3
10,True,q2,Policy B - first person,B,first_person,awareness,-3
10,True,q2,Policy B - first person,B,first_person,positive_impression,-2
10,True,q3,Policy A - third person,A,third_person,competence_control,-1
10,True,q3,Policy A - third person,A,third_person,safety,-2
10,True,q3,Policy A - third person,A,third_person,awareness,-1
10,True,q3,Policy A - third person,A,third_person,positive_impression,-2
10,True,q4,Policy B - third person,B,third_person,competence_control,-2
10,True,q4,Policy B - third person,B,third_person,safety,-1
10,True,q4,Policy B - third person,B,third_person,awareness,-2
10,True,q4,Policy B - third person,B,third_person,positive_impression,-2
11,True,q1,Policy A - first person,A,first_person,competence_control,-1
11,True,q1,Policy A - first person,A,first_person,safety,-2
11,True,q1,Policy A - first person,A,first_person,awareness,-2
11,True,q1,Policy A - first person,A,first_person,positive_impression,0
11,True,q2,Policy B - first person,B,first_person,competence_control,1
11,True,q2,Policy B - first person,B,first_person,safety,0
11,True,q2,Policy B - first person,B,first_person,awareness,1
11,True,q2,Policy B - first person,B,first_person,positive_impression,1
11,True,q3,Policy A - third person,A,third_person,competence_control,2
11,True,q3,Policy A - third person,A,third_person,safety,1
11,True,q3,Policy A - third person,A,third_person,awareness,1
11,True,q3,Policy A - third person,A,third_person,positive_impression,2
11,True,q4,Policy B - third person,B,third_person,competence_control,1
11,True,q4,Policy B - third person,B,third_person,safety,2
11,True,q4,Policy B - third person,B,third_person,awareness,2
11,True,q4,Policy B - third person,B,third_person,positive_impression,2
12,False,q1,Policy A - first person,A,first_person,competence_control,1
12,False,q1,Policy A - first person,A,first_person,safety,1
12,False,q1,Policy A - first person,A,first_person,awareness,2
12,False,q1,Policy A - first person,A,first_person,positive_impression,2
12,False,q2,Policy B - first person,B,first_person,competence_control,0
12,False,q2,Policy B - first person,B,first_person,safety,0
12,False,q2,Policy B - first person,B,first_person,awareness,1
12,False,q2,Policy B - first person,B,first_person,positive_impression,-1
12,False,q3,Policy A - third person,A,third_person,competence_control,1
12,False,q3,Policy A - third person,A,third_person,safety,1
12,False,q3,Policy A - third person,A,third_person,awareness,2
12,False,q3,Policy A - third person,A,third_person,positive_impression,1
12,False,q4,Policy B - third person,B,third_person,competence_control,1
12,False,q4,Policy B - third person,B,third_person,safety,0
12,False,q4,Policy B - third person,B,third_person,awareness,0
12,False,q4,Policy B - third person,B,third_person,positive_impression,0
13,True,q1,Policy A - first person,A,first_person,competence_control,-3
13,True,q1,Policy A - first person,A,first_person,safety,-3
13,True,q1,Policy A - first person,A,first_person,awareness,-3
13,True,q1,Policy A - first person,A,first_person,positive_impression,-3
13,True,q2,Policy B - first person,B,first_person,competence_control,-1
13,True,q2,Policy B - first person,B,first_person,safety,-1
13,True,q2,Policy B - first person,B,first_person,awareness,1
13,True,q2,Policy B - first person,B,first_person,positive_impression,-1
13,True,q3,Policy A - third person,A,third_person,competence_control,-2
13,True,q3,Policy A - third person,A,third_person,safety,-2
13,True,q3,Policy A - third person,A,third_person,awareness,-2
13,True,q3,Policy A - third person,A,third_person,positive_impression,-2
13,True,q4,Policy B - third person,B,third_person,competence_control,-3
13,True,q4,Policy B - third person,B,third_person,safety,-3
13,True,q4,Policy B - third person,B,third_person,awareness,-3
13,True,q4,Policy B - third person,B,third_person,positive_impression,-3
14,False,q1,Policy A - first person,A,first_person,competence_control,1
14,False,q1,Policy A - first person,A,first_person,safety,-2
14,False,q1,Policy A - first person,A,first_person,awareness,-1
14,False,q1,Policy A - first person,A,first_person,positive_impression,-2
14,False,q2,Policy B - first person,B,first_person,competence_control,-2
14,False,q2,Policy B - first person,B,first_person,safety,-3
14,False,q2,Policy B - first person,B,first_person,awareness,-1
14,False,q2,Policy B - first person,B,first_person,positive_impression,-2
14,False,q3,Policy A - third person,A,third_person,competence_control,-1
14,False,q3,Policy A - third person,A,third_person,safety,-1
14,False,q3,Policy A - third person,A,third_person,awareness,-1
14,False,q3,Policy A - third person,A,third_person,positive_impression,-1
14,False,q4,Policy B - third person,B,third_person,competence_control,-2
14,False,q4,Policy B - third person,B,third_person,safety,0
14,False,q4,Policy B - third person,B,third_person,awareness,-2
14,False,q4,Policy B - third person,B,third_person,positive_impression,-2
15,False,q1,Policy A - first person,A,first_person,competence_control,2
15,False,q1,Policy A - first person,A,first_person,safety,3
15,False,q1,Policy A - first person,A,first_person,awareness,-3
15,False,q1,Policy A - first person,A,first_person,positive_impression,2
15,False,q2,Policy B - first person,B,first_person,competence_control,2
15,False,q2,Policy B - first person,B,first_person,safety,-2
15,False,q2,Policy B - first person,B,first_person,awareness,-3
15,False,q2,Policy B - first person,B,first_person,positive_impression,-2
15,False,q3,Policy A - third person,A,third_person,competence_control,2
15,False,q3,Policy A - third person,A,third_person,safety,2
15,False,q3,Policy A - third person,A,third_person,awareness,-3
15,False,q3,Policy A - third person,A,third_person,positive_impression,0
15,False,q4,Policy B - third person,B,third_person,competence_control,-1
15,False,q4,Policy B - third person,B,third_person,safety,-3
15,False,q4,Policy B - third person,B,third_person,awareness,-3
15,False,q4,Policy B - third person,B,third_person,positive_impression,-2
16,False,q1,Policy A - first person,A,first_person,competence_control,2
16,False,q1,Policy A - first person,A,first_person,safety,2
16,False,q1,Policy A - first person,A,first_person,awareness,3
16,False,q1,Policy A - first person,A,first_person,positive_impression,2
16,False,q2,Policy B - first person,B,first_person,competence_control,-1
16,False,q2,Policy B - first person,B,first_person,safety,2
16,False,q2,Policy B - first person,B,first_person,awareness,-1
16,False,q2,Policy B - first person,B,first_person,positive_impression,-1
16,False,q3,Policy A - third person,A,third_person,competence_control,-1
16,False,q3,Policy A - third person,A,third_person,safety,0
16,False,q3,Policy A - third person,A,third_person,awareness,-1
16,False,q3,Policy A - third person,A,third_person,positive_impression,-1
16,False,q4,Policy B - third person,B,third_person,competence_control,-1
16,False,q4,Policy B - third person,B,third_person,safety,-1
16,False,q4,Policy B - third person,B,third_person,awareness,-1
16,False,q4,Policy B - third person,B,third_person,positive_impression,-1
17,False,q1,Policy A - first person,A,first_person,competence_control,0
17,False,q1,Policy A - first person,A,first_person,safety,-2
17,False,q1,Policy A - first person,A,first_person,awareness,-1
17,False,q1,Policy A - first person,A,first_person,positive_impression,1
17,False,q2,Policy B - first person,B,first_person,competence_control,1
17,False,q2,Policy B - first person,B,first_person,safety,1
17,False,q2,Policy B - first person,B,first_person,awareness,1
17,False,q2,Policy B - first person,B,first_person,positive_impression,0
17,False,q3,Policy A - third person,A,third_person,competence_control,1
17,False,q3,Policy A - third person,A,third_person,safety,0
17,False,q3,Policy A - third person,A,third_person,awareness,0
17,False,q3,Policy A - third person,A,third_person,positive_impression,1
17,False,q4,Policy B - third person,B,third_person,competence_control,-1
17,False,q4,Policy B - third person,B,third_person,safety,-1
17,False,q4,Policy B - third person,B,third_person,awareness,-1
17,False,q4,Policy B - third person,B,third_person,positive_impression,-1
18,False,q1,Policy A - first person,A,first_person,competence_control,1
18,False,q1,Policy A - first person,A,first_person,safety,-1
18,False,q1,Policy A - first person,A,first_person,awareness,-1
18,False,q1,Policy A - first person,A,first_person,positive_impression,1
18,False,q2,Policy B - first person,B,first_person,competence_control,1
18,False,q2,Policy B - first person,B,first_person,safety,-2
18,False,q2,Policy B - first person,B,first_person,awareness,-2
18,False,q2,Policy B - first person,B,first_person,positive_impression,0
18,False,q3,Policy A - third person,A,third_person,competence_control,1
18,False,q3,Policy A - third person,A,third_person,safety,0
18,False,q3,Policy A - third person,A,third_person,awareness,-2
18,False,q3,Policy A - third person,A,third_person,positive_impression,0
18,False,q4,Policy B - third person,B,third_person,competence_control,-1
18,False,q4,Policy B - third person,B,third_person,safety,-2
18,False,q4,Policy B - third person,B,third_person,awareness,-2
18,False,q4,Policy B - third person,B,third_person,positive_impression,-1
19,False,q1,Policy A - first person,A,first_person,competence_control,1
19,False,q1,Policy A - first person,A,first_person,safety,-1
19,False,q1,Policy A - first person,A,first_person,awareness,-1
19,False,q1,Policy A - first person,A,first_person,positive_impression,-1
19,False,q2,Policy B - first person,B,first_person,competence_control,-1
19,False,q2,Policy B - first person,B,first_person,safety,1
19,False,q2,Policy B - first person,B,first_person,awareness,1
19,False,q2,Policy B - first person,B,first_person,positive_impression,1
19,False,q3,Policy A - third person,A,third_person,competence_control,1
19,False,q3,Policy A - third person,A,third_person,safety,-1
19,False,q3,Policy A - third person,A,third_person,awareness,-1
19,False,q3,Policy A - third person,A,third_person,positive_impression,-1
19,False,q4,Policy B - third person,B,third_person,competence_control,1
19,False,q4,Policy B - third person,B,third_person,safety,-1
19,False,q4,Policy B - third person,B,third_person,awareness,1
19,False,q4,Policy B - third person,B,third_person,positive_impression,1
20,False,q1,Policy A - first person,A,first_person,competence_control,-3
20,False,q1,Policy A - first person,A,first_person,safety,-3
20,False,q1,Policy A - first person,A,first_person,awareness,-3
20,False,q1,Policy A - first person,A,first_person,positive_impression,-3
20,False,q2,Policy B - first person,B,first_person,competence_control,-3
20,False,q2,Policy B - first person,B,first_person,safety,-3
20,False,q2,Policy B - first person,B,first_person,awareness,-3
20,False,q2,Policy B - first person,B,first_person,positive_impression,-3
20,False,q3,Policy A - third person,A,third_person,competence_control,-3
20,False,q3,Policy A - third person,A,third_person,safety,-3
20,False,q3,Policy A - third person,A,third_person,awareness,-3
20,False,q3,Policy A - third person,A,third_person,positive_impression,-3
20,False,q4,Policy B - third person,B,third_person,competence_control,-3
20,False,q4,Policy B - third person,B,third_person,safety,-3
20,False,q4,Policy B - third person,B,third_person,awareness,-3
20,False,q4,Policy B - third person,B,third_person,positive_impression,-3
21,False,q1,Policy A - first person,A,first_person,competence_control,-1
21,False,q1,Policy A - first person,A,first_person,safety,-2
21,False,q1,Policy A - first person,A,first_person,awareness,-1
21,False,q1,Policy A - first person,A,first_person,positive_impression,-1
21,False,q2,Policy B - first person,B,first_person,competence_control,0
21,False,q2,Policy B - first person,B,first_person,safety,-1
21,False,q2,Policy B - first person,B,first_person,awareness,-1
21,False,q2,Policy B - first person,B,first_person,positive_impression,0
21,False,q3,Policy A - third person,A,third_person,competence_control,-1
21,False,q3,Policy A - third person,A,third_person,safety,-3
21,False,q3,Policy A - third person,A,third_person,awareness,-3
21,False,q3,Policy A - third person,A,third_person,positive_impression,-2
21,False,q4,Policy B - third person,B,third_person,competence_control,-2
21,False,q4,Policy B - third person,B,third_person,safety,-2
21,False,q4,Policy B - third person,B,third_person,awareness,-2
21,False,q4,Policy B - third person,B,third_person,positive_impression,-2
22,False,q1,Policy A - first person,A,first_person,competence_control,0
22,False,q1,Policy A - first person,A,first_person,safety,1
22,False,q1,Policy A - first person,A,first_person,awareness,-1
22,False,q1,Policy A - first person,A,first_person,positive_impression,1
22,False,q2,Policy B - first person,B,first_person,competence_control,-2
22,False,q2,Policy B - first person,B,first_person,safety,-1
22,False,q2,Policy B - first person,B,first_person,awareness,0
22,False,q2,Policy B - first person,B,first_person,positive_impression,1
22,False,q3,Policy A - third person,A,third_person,competence_control,1
22,False,q3,Policy A - third person,A,third_person,safety,-1
22,False,q3,Policy A - third person,A,third_person,awareness,-1
22,False,q3,Policy A - third person,A,third_person,positive_impression,1
22,False,q4,Policy B - third person,B,third_person,competence_control,-1
22,False,q4,Policy B - third person,B,third_person,safety,-1
22,False,q4,Policy B - third person,B,third_person,awareness,-1
22,False,q4,Policy B - third person,B,third_person,positive_impression,0
23,False,q1,Policy A - first person,A,first_person,competence_control,-3
23,False,q1,Policy A - first person,A,first_person,safety,-3
23,False,q1,Policy A - first person,A,first_person,awareness,-3
23,False,q1,Policy A - first person,A,first_person,positive_impression,-2
23,False,q2,Policy B - first person,B,first_person,competence_control,-3
23,False,q2,Policy B - first person,B,first_person,safety,-3
23,False,q2,Policy B - first person,B,first_person,awareness,-3
23,False,q2,Policy B - first person,B,first_person,positive_impression,-2
23,False,q3,Policy A - third person,A,third_person,competence_control,-2
23,False,q3,Policy A - third person,A,third_person,safety,-2
23,False,q3,Policy A - third person,A,third_person,awareness,-2
23,False,q3,Policy A - third person,A,third_person,positive_impression,-2
23,False,q4,Policy B - third person,B,third_person,competence_control,-2
23,False,q4,Policy B - third person,B,third_person,safety,-2
23,False,q4,Policy B - third person,B,third_person,awareness,-2
23,False,q4,Policy B - third person,B,third_person,positive_impression,-2
24,True,q1,Policy A - first person,A,first_person,competence_control,-1
24,True,q1,Policy A - first person,A,first_person,safety,-2
24,True,q1,Policy A - first person,A,first_person,awareness,-3
24,True,q1,Policy A - first person,A,first_person,positive_impression,0
24,True,q2,Policy B - first person,B,first_person,competence_control,-3
24,True,q2,Policy B - first person,B,first_person,safety,-1
24,True,q2,Policy B - first person,B,first_person,awareness,-2
24,True,q2,Policy B - first person,B,first_person,positive_impression,-2
24,True,q3,Policy A - third person,A,third_person,competence_control,-1
24,True,q3,Policy A - third person,A,third_person,safety,-2
24,True,q3,Policy A - third person,A,third_person,awareness,-2
24,True,q3,Policy A - third person,A,third_person,positive_impression,-1
24,True,q4,Policy B - third person,B,third_person,competence_control,-1
24,True,q4,Policy B - third person,B,third_person,safety,-1
24,True,q4,Policy B - third person,B,third_person,awareness,-2
24,True,q4,Policy B - third person,B,third_person,positive_impression,-2
25,False,q1,Policy A - first person,A,first_person,competence_control,-1
25,False,q1,Policy A - first person,A,first_person,safety,-2
25,False,q1,Policy A - first person,A,first_person,awareness,-2
25,False,q1,Policy A - first person,A,first_person,positive_impression,0
25,False,q2,Policy B - first person,B,first_person,competence_control,1
25,False,q2,Policy B - first person,B,first_person,safety,1
25,False,q2,Policy B - first person,B,first_person,awareness,2
25,False,q2,Policy B - first person,B,first_person,positive_impression,2
25,False,q3,Policy A - third person,A,third_person,competence_control,-1
25,False,q3,Policy A - third person,A,third_person,safety,-2
25,False,q3,Policy A - third person,A,third_person,awareness,-2
25,False,q3,Policy A - third person,A,third_person,positive_impression,-1
25,False,q4,Policy B - third person,B,third_person,competence_control,-1
25,False,q4,Policy B - third person,B,third_person,safety,-1
25,False,q4,Policy B - third person,B,third_person,awareness,-2
25,False,q4,Policy B - third person,B,third_person,positive_impression,-1
26,False,q1,Policy A - first person,A,first_person,competence_control,1
26,False,q1,Policy A - first person,A,first_person,safety,-2
26,False,q1,Policy A - first person,A,first_person,awareness,-2
26,False,q1,Policy A - first person,A,first_person,positive_impression,-2
26,False,q2,Policy B - first person,B,first_person,competence_control,0
26,False,q2,Policy B - first person,B,first_person,safety,1
26,False,q2,Policy B - first person,B,first_person,awareness,-3
26,False,q2,Policy B - first person,B,first_person,positive_impression,0
26,False,q3,Policy A - third person,A,third_person,competence_control,2
26,False,q3,Policy A - third person,A,third_person,safety,1
26,False,q3,Policy A - third person,A,third_person,awareness,-1
26,False,q3,Policy A - third person,A,third_person,positive_impression,1
26,False,q4,Policy B - third person,B,third_person,competence_control,-2
26,False,q4,Policy B - third person,B,third_person,safety,-3
26,False,q4,Policy B - third person,B,third_person,awareness,-3
26,False,q4,Policy B - third person,B,third_person,positive_impression,-2
27,False,q1,Policy A - first person,A,first_person,competence_control,2
27,False,q1,Policy A - first person,A,first_person,safety,-1
27,False,q1,Policy A - first person,A,first_person,awareness,2
27,False,q1,Policy A - first person,A,first_person,positive_impression,2
27,False,q2,Policy B - first person,B,first_person,competence_control,1
27,False,q2,Policy B - first person,B,first_person,safety,-2
27,False,q2,Policy B - first person,B,first_person,awareness,-2
27,False,q2,Policy B - first person,B,first_person,positive_impression,-1
27,False,q3,Policy A - third person,A,third_person,competence_control,2
27,False,q3,Policy A - third person,A,third_person,safety,-2
27,False,q3,Policy A - third person,A,third_person,awareness,-2
27,False,q3,Policy A - third person,A,third_person,positive_impression,-1
27,False,q4,Policy B - third person,B,third_person,competence_control,2
27,False,q4,Policy B - third person,B,third_person,safety,-1
27,False,q4,Policy B - third person,B,third_person,awareness,2
27,False,q4,Policy B - third person,B,third_person,positive_impression,2
28,False,q1,Policy A - first person,A,first_person,competence_control,0
28,False,q1,Policy A - first person,A,first_person,safety,-1
28,False,q1,Policy A - first person,A,first_person,awareness,1
28,False,q1,Policy A - first person,A,first_person,positive_impression,1
28,False,q2,Policy B - first person,B,first_person,competence_control,-2
28,False,q2,Policy B - first person,B,first_person,safety,-1
28,False,q2,Policy B - first person,B,first_person,awareness,-1
28,False,q2,Policy B - first person,B,first_person,positive_impression,-1
28,False,q3,Policy A - third person,A,third_person,competence_control,1
28,False,q3,Policy A - third person,A,third_person,safety,0
28,False,q3,Policy A - third person,A,third_person,awareness,-1
28,False,q3,Policy A - third person,A,third_person,positive_impression,1
28,False,q4,Policy B - third person,B,third_person,competence_control,0
28,False,q4,Policy B - third person,B,third_person,safety,-1
28,False,q4,Policy B - third person,B,third_person,awareness,-1
28,False,q4,Policy B - third person,B,third_person,positive_impression,1
29,False,q1,Policy A - first person,A,first_person,competence_control,2
29,False,q1,Policy A - first person,A,first_person,safety,-1
29,False,q1,Policy A - first person,A,first_person,awareness,-1
29,False,q1,Policy A - first person,A,first_person,positive_impression,0
29,False,q2,Policy B - first person,B,first_person,competence_control,-1
29,False,q2,Policy B - first person,B,first_person,safety,-2
29,False,q2,Policy B - first person,B,first_person,awareness,-2
29,False,q2,Policy B - first person,B,first_person,positive_impression,-1
29,False,q3,Policy A - third person,A,third_person,competence_control,2
29,False,q3,Policy A - third person,A,third_person,safety,-1
29,False,q3,Policy A - third person,A,third_person,awareness,-2
29,False,q3,Policy A - third person,A,third_person,positive_impression,0
29,False,q4,Policy B - third person,B,third_person,competence_control,-1
29,False,q4,Policy B - third person,B,third_person,safety,-2
29,False,q4,Policy B - third person,B,third_person,awareness,-2
29,False,q4,Policy B - third person,B,third_person,positive_impression,-1
30,False,q1,Policy A - first person,A,first_person,competence_control,2
30,False,q1,Policy A - first person,A,first_person,safety,2
30,False,q1,Policy A - first person,A,first_person,awareness,-2
30,False,q1,Policy A - first person,A,first_person,positive_impression,2
30,False,q2,Policy B - first person,B,first_person,competence_control,-3
30,False,q2,Policy B - first person,B,first_person,safety,2
30,False,q2,Policy B - first person,B,first_person,awareness,-2
30,False,q2,Policy B - first person,B,first_person,positive_impression,-2
30,False,q3,Policy A - third person,A,third_person,competence_control,2
30,False,q3,Policy A - third person,A,third_person,safety,2
30,False,q3,Policy A - third person,A,third_person,awareness,1
30,False,q3,Policy A - third person,A,third_person,positive_impression,2
30,False,q4,Policy B - third person,B,third_person,competence_control,0
30,False,q4,Policy B - third person,B,third_person,safety,0
30,False,q4,Policy B - third person,B,third_person,awareness,-1
30,False,q4,Policy B - third person,B,third_person,positive_impression,-1
31,False,q1,Policy A - first person,A,first_person,competence_control,-2
31,False,q1,Policy A - first person,A,first_person,safety,-1
31,False,q1,Policy A - first person,A,first_person,awareness,-1
31,False,q1,Policy A - first person,A,first_person,positive_impression,-2
31,False,q2,Policy B - first person,B,first_person,competence_control,-3
31,False,q2,Policy B - first person,B,first_person,safety,1
31,False,q2,Policy B - first person,B,first_person,awareness,-1
31,False,q2,Policy B - first person,B,first_person,positive_impression,-2
31,False,q3,Policy A - third person,A,third_person,competence_control,0
31,False,q3,Policy A - third person,A,third_person,safety,-1
31,False,q3,Policy A - third person,A,third_person,awareness,0
31,False,q3,Policy A - third person,A,third_person,positive_impression,0
31,False,q4,Policy B - third person,B,third_person,competence_control,0
31,False,q4,Policy B - third person,B,third_person,safety,-2
31,False,q4,Policy B - third person,B,third_person,awareness,-1
31,False,q4,Policy B - third person,B,third_person,positive_impression,-1
32,False,q1,Policy A - first person,A,first_person,competence_control,-2
32,False,q1,Policy A - first person,A,first_person,safety,-1
32,False,q1,Policy A - first person,A,first_person,awareness,-1
32,False,q1,Policy A - first person,A,first_person,positive_impression,0
32,False,q2,Policy B - first person,B,first_person,competence_control,-3
32,False,q2,Policy B - first person,B,first_person,safety,-2
32,False,q2,Policy B - first person,B,first_person,awareness,-2
32,False,q2,Policy B - first person,B,first_person,positive_impression,-2
32,False,q3,Policy A - third person,A,third_person,competence_control,1
32,False,q3,Policy A - third person,A,third_person,safety,-1
32,False,q3,Policy A - third person,A,third_person,awareness,-1
32,False,q3,Policy A - third person,A,third_person,positive_impression,1
32,False,q4,Policy B - third person,B,third_person,competence_control,-2
32,False,q4,Policy B - third person,B,third_person,safety,-2
32,False,q4,Policy B - third person,B,third_person,awareness,-2
32,False,q4,Policy B - third person,B,third_person,positive_impression,-1
33,False,q1,Policy A - first person,A,first_person,competence_control,0
33,False,q1,Policy A - first person,A,first_person,safety,-2
33,False,q1,Policy A - first person,A,first_person,awareness,-2
33,False,q1,Policy A - first person,A,first_person,positive_impression,-1
33,False,q2,Policy B - first person,B,first_person,competence_control,-1
33,False,q2,Policy B - first person,B,first_person,safety,-3
33,False,q2,Policy B - first person,B,first_person,awareness,-3
33,False,q2,Policy B - first person,B,first_person,positive_impression,-2
33,False,q3,Policy A - third person,A,third_person,competence_control,0
33,False,q3,Policy A - third person,A,third_person,safety,-2
33,False,q3,Policy A - third person,A,third_person,awareness,-2
33,False,q3,Policy A - third person,A,third_person,positive_impression,-1
33,False,q4,Policy B - third person,B,third_person,competence_control,-1
33,False,q4,Policy B - third person,B,third_person,safety,-3
33,False,q4,Policy B - third person,B,third_person,awareness,-3
33,False,q4,Policy B - third person,B,third_person,positive_impression,-2
34,False,q1,Policy A - first person,A,first_person,competence_control,3
34,False,q1,Policy A - first person,A,first_person,safety,3
34,False,q1,Policy A - first person,A,first_person,awareness,0
34,False,q1,Policy A - first person,A,first_person,positive_impression,3
34,False,q2,Policy B - first person,B,first_person,competence_control,-1
34,False,q2,Policy B - first person,B,first_person,safety,-1
34,False,q2,Policy B - first person,B,first_person,awareness,0
34,False,q2,Policy B - first person,B,first_person,positive_impression,0
34,False,q3,Policy A - third person,A,third_person,competence_control,3
34,False,q3,Policy A - third person,A,third_person,safety,2
34,False,q3,Policy A - third person,A,third_person,awareness,1
34,False,q3,Policy A - third person,A,third_person,positive_impression,3
34,False,q4,Policy B - third person,B,third_person,competence_control,-1
34,False,q4,Policy B - third person,B,third_person,safety,1
34,False,q4,Policy B - third person,B,third_person,awareness,-1
34,False,q4,Policy B - third person,B,third_person,positive_impression,0
35,True,q1,Policy A - first person,A,first_person,competence_control,1
35,True,q1,Policy A - first person,A,first_person,safety,-1
35,True,q1,Policy A - first person,A,first_person,awareness,-1
35,True,q1,Policy A - first person,A,first_person,positive_impression,0
35,True,q2,Policy B - first person,B,first_person,competence_control,-1
35,True,q2,Policy B - first person,B,first_person,safety,-2
35,True,q2,Policy B - first person,B,first_person,awareness,-2
35,True,q2,Policy B - first person,B,first_person,positive_impression,-1
35,True,q3,Policy A - third person,A,third_person,competence_control,1
35,True,q3,Policy A - third person,A,third_person,safety,-1
35,True,q3,Policy A - third person,A,third_person,awareness,-1
35,True,q3,Policy A - third person,A,third_person,positive_impression,0
35,True,q4,Policy B - third person,B,third_person,competence_control,-2
35,True,q4,Policy B - third person,B,third_person,safety,-1
35,True,q4,Policy B - third person,B,third_person,awareness,-2
35,True,q4,Policy B - third person,B,third_person,positive_impression,-1
36,True,q1,Policy A - first person,A,first_person,competence_control,2
36,True,q1,Policy A - first person,A,first_person,safety,1
36,True,q1,Policy A - first person,A,first_person,awareness,-2
36,True,q1,Policy A - first person,A,first_person,positive_impression,-1
36,True,q2,Policy B - first person,B,first_person,competence_control,-2
36,True,q2,Policy B - first person,B,first_person,safety,1
36,True,q2,Policy B - first person,B,first_person,awareness,-1
36,True,q2,Policy B - first person,B,first_person,positive_impression,-2
36,True,q3,Policy A - third person,A,third_person,competence_control,2
36,True,q3,Policy A - third person,A,third_person,safety,2
36,True,q3,Policy A - third person,A,third_person,awareness,-2
36,True,q3,Policy A - third person,A,third_person,positive_impression,0
36,True,q4,Policy B - third person,B,third_person,competence_control,-2
36,True,q4,Policy B - third person,B,third_person,safety,1
36,True,q4,Policy B - third person,B,third_person,awareness,-2
36,True,q4,Policy B - third person,B,third_person,positive_impression,-1
37,False,q1,Policy A - first person,A,first_person,competence_control,-2
37,False,q1,Policy A - first person,A,first_person,safety,-2
37,False,q1,Policy A - first person,A,first_person,awareness,-2
37,False,q1,Policy A - first person,A,first_person,positive_impression,-1
37,False,q2,Policy B - first person,B,first_person,competence_control,-3
37,False,q2,Policy B - first person,B,first_person,safety,-3
37,False,q2,Policy B - first person,B,first_person,awareness,-3
37,False,q2,Policy B - first person,B,first_person,positive_impression,-2
37,False,q3,Policy A - third person,A,third_person,competence_control,-2
37,False,q3,Policy A - third person,A,third_person,safety,-2
37,False,q3,Policy A - third person,A,third_person,awareness,-2
37,False,q3,Policy A - third person,A,third_person,positive_impression,-1
37,False,q4,Policy B - third person,B,third_person,competence_control,-3
37,False,q4,Policy B - third person,B,third_person,safety,-3
37,False,q4,Policy B - third person,B,third_person,awareness,-3
37,False,q4,Policy B - third person,B,third_person,positive_impression,-2
38,False,q1,Policy A - first person,A,first_person,competence_control,0
38,False,q1,Policy A - first person,A,first_person,safety,-1
38,False,q1,Policy A - first person,A,first_person,awareness,-2
38,False,q1,Policy A - first person,A,first_person,positive_impression,1
38,False,q2,Policy B - first person,B,first_person,competence_control,1
38,False,q2,Policy B - first person,B,first_person,safety,-1
38,False,q2,Policy B - first person,B,first_person,awareness,-2
38,False,q2,Policy B - first person,B,first_person,positive_impression,0
38,False,q3,Policy A - third person,A,third_person,competence_control,1
38,False,q3,Policy A - third person,A,third_person,safety,1
38,False,q3,Policy A - third person,A,third_person,awareness,-1
38,False,q3,Policy A - third person,A,third_person,positive_impression,1
38,False,q4,Policy B - third person,B,third_person,competence_control,-1
38,False,q4,Policy B - third person,B,third_person,safety,-2
38,False,q4,Policy B - third person,B,third_person,awareness,-2
38,False,q4,Policy B - third person,B,third_person,positive_impression,-1
39,False,q1,Policy A - first person,A,first_person,competence_control,2
39,False,q1,Policy A - first person,A,first_person,safety,2
39,False,q1,Policy A - first person,A,first_person,awareness,3
39,False,q1,Policy A - first person,A,first_person,positive_impression,2
39,False,q2,Policy B - first person,B,first_person,competence_control,-1
39,False,q2,Policy B - first person,B,first_person,safety,-1
39,False,q2,Policy B - first person,B,first_person,awareness,-1
39,False,q2,Policy B - first person,B,first_person,positive_impression,3
39,False,q3,Policy A - third person,A,third_person,competence_control,2
39,False,q3,Policy A - third person,A,third_person,safety,2
39,False,q3,Policy A - third person,A,third_person,awareness,2
39,False,q3,Policy A - third person,A,third_person,positive_impression,3
39,False,q4,Policy B - third person,B,third_person,competence_control,2
39,False,q4,Policy B - third person,B,third_person,safety,-2
39,False,q4,Policy B - third person,B,third_person,awareness,-2
39,False,q4,Policy B - third person,B,third_person,positive_impression,-2
40,False,q1,Policy A - first person,A,first_person,competence_control,1
40,False,q1,Policy A - first person,A,first_person,safety,1
40,False,q1,Policy A - first person,A,first_person,awareness,-1
40,False,q1,Policy A - first person,A,first_person,positive_impression,0
40,False,q2,Policy B - first person,B,first_person,competence_control,-2
40,False,q2,Policy B - first person,B,first_person,safety,-2
40,False,q2,Policy B - first person,B,first_person,awareness,-2
40,False,q2,Policy B - first person,B,first_person,positive_impression,-2
40,False,q3,Policy A - third person,A,third_person,competence_control,-2
40,False,q3,Policy A - third person,A,third_person,safety,-2
40,False,q3,Policy A - third person,A,third_person,awareness,-2
40,False,q3,Policy A - third person,A,third_person,positive_impression,-2
40,False,q4,Policy B - third person,B,third_person,competence_control,-2
40,False,q4,Policy B - third person,B,third_person,safety,-2
40,False,q4,Policy B - third person,B,third_person,awareness,-2
40,False,q4,Policy B - third person,B,third_person,positive_impression,-2
41,False,q1,Policy A - first person,A,first_person,competence_control,-3
41,False,q1,Policy A - first person,A,first_person,safety,-3
41,False,q1,Policy A - first person,A,first_person,awareness,-3
41,False,q1,Policy A - first person,A,first_person,positive_impression,-1
41,False,q2,Policy B - first person,B,first_person,competence_control,-3
41,False,q2,Policy B - first person,B,first_person,safety,-3
41,False,q2,Policy B - first person,B,first_person,awareness,-3
41,False,q2,Policy B - first person,B,first_person,positive_impression,-1
41,False,q3,Policy A - third person,A,third_person,competence_control,-3
41,False,q3,Policy A - third person,A,third_person,safety,-3
41,False,q3,Policy A - third person,A,third_person,awareness,-3
41,False,q3,Policy A - third person,A,third_person,positive_impression,-1
41,False,q4,Policy B - third person,B,third_person,competence_control,-3
41,False,q4,Policy B - third person,B,third_person,safety,-3
41,False,q4,Policy B - third person,B,third_person,awareness,-3
41,False,q4,Policy B - third person,B,third_person,positive_impression,-1
42,False,q1,Policy A - first person,A,first_person,competence_control,3
42,False,q1,Policy A - first person,A,first_person,safety,3
42,False,q1,Policy A - first person,A,first_person,awareness,-1
42,False,q1,Policy A - first person,A,first_person,positive_impression,3
42,False,q2,Policy B - first person,B,first_person,competence_control,2
42,False,q2,Policy B - first person,B,first_person,safety,1
42,False,q2,Policy B - first person,B,first_person,awareness,1
42,False,q2,Policy B - first person,B,first_person,positive_impression,2
42,False,q3,Policy A - third person,A,third_person,competence_control,3
42,False,q3,Policy A - third person,A,third_person,safety,2
42,False,q3,Policy A - third person,A,third_person,awareness,1
42,False,q3,Policy A - third person,A,third_person,positive_impression,2
42,False,q4,Policy B - third person,B,third_person,competence_control,2
42,False,q4,Policy B - third person,B,third_person,safety,2
42,False,q4,Policy B - third person,B,third_person,awareness,1
42,False,q4,Policy B - third person,B,third_person,positive_impression,2
43,False,q1,Policy A - first person,A,first_person,competence_control,-2
43,False,q1,Policy A - first person,A,first_person,safety,-3
43,False,q1,Policy A - first person,A,first_person,awareness,-3
43,False,q1,Policy A - first person,A,first_person,positive_impression,-2
43,False,q2,Policy B - first person,B,first_person,competence_control,-3
43,False,q2,Policy B - first person,B,first_person,safety,-2
43,False,q2,Policy B - first person,B,first_person,awareness,-2
43,False,q2,Policy B - first person,B,first_person,positive_impression,-2
43,False,q3,Policy A - third person,A,third_person,competence_control,1
43,False,q3,Policy A - third person,A,third_person,safety,-2
43,False,q3,Policy A - third person,A,third_person,awareness,-2
43,False,q3,Policy A - third person,A,third_person,positive_impression,-2
43,False,q4,Policy B - third person,B,third_person,competence_control,-3
43,False,q4,Policy B - third person,B,third_person,safety,-3
43,False,q4,Policy B - third person,B,third_person,awareness,-3
43,False,q4,Policy B - third person,B,third_person,positive_impression,-2
44,False,q1,Policy A - first person,A,first_person,competence_control,-2
44,False,q1,Policy A - first person,A,first_person,safety,-3
44,False,q1,Policy A - first person,A,first_person,awareness,-3
44,False,q1,Policy A - first person,A,first_person,positive_impression,-2
44,False,q2,Policy B - first person,B,first_person,competence_control,-3
44,False,q2,Policy B - first person,B,first_person,safety,-1
44,False,q2,Policy B - first person,B,first_person,awareness,-2
44,False,q2,Policy B - first person,B,first_person,positive_impression,-2
44,False,q3,Policy A - third person,A,third_person,competence_control,1
44,False,q3,Policy A - third person,A,third_person,safety,1
44,False,q3,Policy A - third person,A,third_person,awareness,0
44,False,q3,Policy A - third person,A,third_person,positive_impression,1
44,False,q4,Policy B - third person,B,third_person,competence_control,-2
44,False,q4,Policy B - third person,B,third_person,safety,-2
44,False,q4,Policy B - third person,B,third_person,awareness,0
44,False,q4,Policy B - third person,B,third_person,positive_impression,-2
45,False,q1,Policy A - first person,A,first_person,competence_control,1
45,False,q1,Policy A - first person,A,first_person,safety,0
45,False,q1,Policy A - first person,A,first_person,awareness,2
45,False,q1,Policy A - first person,A,first_person,positive_impression,2
45,False,q2,Policy B - first person,B,first_person,competence_control,1
45,False,q2,Policy B - first person,B,first_person,safety,-1
45,False,q2,Policy B - first person,B,first_person,awareness,-2
45,False,q2,Policy B - first person,B,first_person,positive_impression,-1
45,False,q3,Policy A - third person,A,third_person,competence_control,2
45,False,q3,Policy A - third person,A,third_person,safety,0
45,False,q3,Policy A - third person,A,third_person,awareness,1
45,False,q3,Policy A - third person,A,third_person,positive_impression,-1
45,False,q4,Policy B - third person,B,third_person,competence_control,-2
45,False,q4,Policy B - third person,B,third_person,safety,1
45,False,q4,Policy B - third person,B,third_person,awareness,-1
45,False,q4,Policy B - third person,B,third_person,positive_impression,-1
46,False,q1,Policy A - first person,A,first_person,competence_control,1
46,False,q1,Policy A - first person,A,first_person,safety,-1
46,False,q1,Policy A - first person,A,first_person,awareness,-1
46,False,q1,Policy A - first person,A,first_person,positive_impression,0
46,False,q2,Policy B - first person,B,first_person,competence_control,-1
46,False,q2,Policy B - first person,B,first_person,safety,-2
46,False,q2,Policy B - first person,B,first_person,awareness,-2
46,False,q2,Policy B - first person,B,first_person,positive_impression,-1
46,False,q3,Policy A - third person,A,third_person,competence_control,1
46,False,q3,Policy A - third person,A,third_person,safety,-1
46,False,q3,Policy A - third person,A,third_person,awareness,1
46,False,q3,Policy A - third person,A,third_person,positive_impression,0
46,False,q4,Policy B - third person,B,third_person,competence_control,-1
46,False,q4,Policy B - third person,B,third_person,safety,0
46,False,q4,Policy B - third person,B,third_person,awareness,-1
46,False,q4,Policy B - third person,B,third_person,positive_impression,0
47,False,q1,Policy A - first person,A,first_person,competence_control,3
47,False,q1,Policy A - first person,A,first_person,safety,2
47,False,q1,Policy A - first person,A,first_person,awareness,2
47,False,q1,Policy A - first person,A,first_person,positive_impression,2
47,False,q2,Policy B - first person,B,first_person,competence_control,1
47,False,q2,Policy B - first person,B,first_person,safety,1
47,False,q2,Policy B - first person,B,first_person,awareness,2
47,False,q2,Policy B - first person,B,first_person,positive_impression,2
47,False,q3,Policy A - third person,A,third_person,competence_control,2
47,False,q3,Policy A - third person,A,third_person,safety,0
47,False,q3,Policy A - third person,A,third_person,awareness,-1
47,False,q3,Policy A - third person,A,third_person,positive_impression,2
47,False,q4,Policy B - third person,B,third_person,competence_control,-1
47,False,q4,Policy B - third person,B,third_person,safety,0
47,False,q4,Policy B - third person,B,third_person,awareness,-1
47,False,q4,Policy B - third person,B,third_person,positive_impression,1
48,False,q1,Policy A - first person,A,first_person,competence_control,-1
48,False,q1,Policy A - first person,A,first_person,safety,-2
48,False,q1,Policy A - first person,A,first_person,awareness,-1
48,False,q1,Policy A - first person,A,first_person,positive_impression,-1
48,False,q2,Policy B - first person,B,first_person,competence_control,0
48,False,q2,Policy B - first person,B,first_person,safety,0
48,False,q2,Policy B - first person,B,first_person,awareness,-1
48,False,q2,Policy B - first person,B,first_person,positive_impression,0
48,False,q3,Policy A - third person,A,third_person,competence_control,1
48,False,q3,Policy A - third person,A,third_person,safety,1
48,False,q3,Policy A - third person,A,third_person,awareness,1
48,False,q3,Policy A - third person,A,third_person,positive_impression,1
48,False,q4,Policy B - third person,B,third_person,competence_control,-1
48,False,q4,Policy B - third person,B,third_person,safety,-1
48,False,q4,Policy B - third person,B,third_person,awareness,0
48,False,q4,Policy B - third person,B,third_person,positive_impression,0
49,False,q1,Policy A - first person,A,first_person,competence_control,1
49,False,q1,Policy A - first person,A,first_person,safety,1
49,False,q1,Policy A - first person,A,first_person,awareness,2
49,False,q1,Policy A - first person,A,first_person,positive_impression,1
49,False,q2,Policy B - first person,B,first_person,competence_control,1
49,False,q2,Policy B - first person,B,first_person,safety,1
49,False,q2,Policy B - first person,B,first_person,awareness,1
49,False,q2,Policy B - first person,B,first_person,positive_impression,1
49,False,q3,Policy A - third person,A,third_person,competence_control,2
49,False,q3,Policy A - third person,A,third_person,safety,2
49,False,q3,Policy A - third person,A,third_person,awareness,2
49,False,q3,Policy A - third person,A,third_person,positive_impression,2
49,False,q4,Policy B - third person,B,third_person,competence_control,-2
49,False,q4,Policy B - third person,B,third_person,safety,-2
49,False,q4,Policy B - third person,B,third_person,awareness,-2
49,False,q4,Policy B - third person,B,third_person,positive_impression,-2
50,False,q1,Policy A - first person,A,first_person,competence_control,2
50,False,q1,Policy A - first person,A,first_person,safety,0
50,False,q1,Policy A - first person,A,first_person,awareness,1
50,False,q1,Policy A - first person,A,first_person,positive_impression,2
50,False,q2,Policy B - first person,B,first_person,competence_control,-2
50,False,q2,Policy B - first person,B,first_person,safety,1
50,False,q2,Policy B - first person,B,first_person,awareness,2
50,False,q2,Policy B - first person,B,first_person,positive_impression,-1
50,False,q3,Policy A - third person,A,third_person,competence_control,2
50,False,q3,Policy A - third person,A,third_person,safety,0
50,False,q3,Policy A - third person,A,third_person,awareness,2
50,False,q3,Policy A - third person,A,third_person,positive_impression,3
50,False,q4,Policy B - third person,B,third_person,competence_control,-1
50,False,q4,Policy B - third person,B,third_person,safety,0
50,False,q4,Policy B - third person,B,third_person,awareness,2
50,False,q4,Policy B - third person,B,third_person,positive_impression,1
51,True,q1,Policy A - first person,A,first_person,competence_control,1
51,True,q1,Policy A - first person,A,first_person,safety,-1
51,True,q1,Policy A - first person,A,first_person,awareness,-1
51,True,q1,Policy A - first person,A,first_person,positive_impression,1
51,True,q2,Policy B - first person,B,first_person,competence_control,-2
51,True,q2,Policy B - first person,B,first_person,safety,1
51,True,q2,Policy B - first person,B,first_person,awareness,0
51,True,q2,Policy B - first person,B,first_person,positive_impression,0
51,True,q3,Policy A - third person,A,third_person,competence_control,1
51,True,q3,Policy A - third person,A,third_person,safety,-2
51,True,q3,Policy A - third person,A,third_person,awareness,-1
51,True,q3,Policy A - third person,A,third_person,positive_impression,0
51,True,q4,Policy B - third person,B,third_person,competence_control,-1
51,True,q4,Policy B - third person,B,third_person,safety,-2
51,True,q4,Policy B - third person,B,third_person,awareness,0
51,True,q4,Policy B - third person,B,third_person,positive_impression,-1
52,False,q1,Policy A - first person,A,first_person,competence_control,0
52,False,q1,Policy A - first person,A,first_person,safety,2
52,False,q1,Policy A - first person,A,first_person,awareness,1
52,False,q1,Policy A - first person,A,first_person,positive_impression,2
52,False,q2,Policy B - first person,B,first_person,competence_control,2
52,False,q2,Policy B - first person,B,first_person,safety,2
52,False,q2,Policy B - first person,B,first_person,awareness,2
52,False,q2,Policy B - first person,B,first_person,positive_impression,2
52,False,q3,Policy A - third person,A,third_person,competence_control,2
52,False,q3,Policy A - third person,A,third_person,safety,1
52,False,q3,Policy A - third person,A,third_person,awareness,1
52,False,q3,Policy A - third person,A,third_person,positive_impression,2
52,False,q4,Policy B - third person,B,third_person,competence_control,2
52,False,q4,Policy B - third person,B,third_person,safety,2
52,False,q4,Policy B - third person,B,third_person,awareness,2
52,False,q4,Policy B - third person,B,third_person,positive_impression,2
53,False,q1,Policy A - first person,A,first_person,competence_control,-1
53,False,q1,Policy A - first person,A,first_person,safety,-2
53,False,q1,Policy A - first person,A,first_person,awareness,-2
53,False,q1,Policy A - first person,A,first_person,positive_impression,-1
53,False,q2,Policy B - first person,B,first_person,competence_control,-3
53,False,q2,Policy B - first person,B,first_person,safety,-2
53,False,q2,Policy B - first person,B,first_person,awareness,-2
53,False,q2,Policy B - first person,B,first_person,positive_impression,-3
53,False,q3,Policy A - third person,A,third_person,competence_control,-1
53,False,q3,Policy A - third person,A,third_person,safety,-2
53,False,q3,Policy A - third person,A,third_person,awareness,-2
53,False,q3,Policy A - third person,A,third_person,positive_impression,-2
53,False,q4,Policy B - third person,B,third_person,competence_control,-2
53,False,q4,Policy B - third person,B,third_person,safety,-2
53,False,q4,Policy B - third person,B,third_person,awareness,-2
53,False,q4,Policy B - third person,B,third_person,positive_impression,-2
54,False,q1,Policy A - first person,A,first_person,competence_control,-1
54,False,q1,Policy A - first person,A,first_person,safety,-2
54,False,q1,Policy A - first person,A,first_person,awareness,-2
54,False,q1,Policy A - first person,A,first_person,positive_impression,-2
54,False,q2,Policy B - first person,B,first_person,competence_control,-2
54,False,q2,Policy B - first person,B,first_person,safety,-2
54,False,q2,Policy B - first person,B,first_person,awareness,-2
54,False,q2,Policy B - first person,B,first_person,positive_impression,-2
54,False,q3,Policy A - third person,A,third_person,competence_control,-1
54,False,q3,Policy A - third person,A,third_person,safety,-1
54,False,q3,Policy A - third person,A,third_person,awareness,-1
54,False,q3,Policy A - third person,A,third_person,positive_impression,-1
54,False,q4,Policy B - third person,B,third_person,competence_control,-1
54,False,q4,Policy B - third person,B,third_person,safety,-2
54,False,q4,Policy B - third person,B,third_person,awareness,-1
54,False,q4,Policy B - third person,B,third_person,positive_impression,-1
55,False,q1,Policy A - first person,A,first_person,competence_control,2
55,False,q1,Policy A - first person,A,first_person,safety,1
55,False,q1,Policy A - first person,A,first_person,awareness,2
55,False,q1,Policy A - first person,A,first_person,positive_impression,2
55,False,q2,Policy B - first person,B,first_person,competence_control,1
55,False,q2,Policy B - first person,B,first_person,safety,1
55,False,q2,Policy B - first person,B,first_person,awareness,1
55,False,q2,Policy B - first person,B,first_person,positive_impression,2
55,False,q3,Policy A - third person,A,third_person,competence_control,2
55,False,q3,Policy A - third person,A,third_person,safety,2
55,False,q3,Policy A - third person,A,third_person,awareness,1
55,False,q3,Policy A - third person,A,third_person,positive_impression,1
55,False,q4,Policy B - third person,B,third_person,competence_control,2
55,False,q4,Policy B - third person,B,third_person,safety,2
55,False,q4,Policy B - third person,B,third_person,awareness,3
55,False,q4,Policy B - third person,B,third_person,positive_impression,2
56,False,q1,Policy A - first person,A,first_person,competence_control,0
56,False,q1,Policy A - first person,A,first_person,safety,-1
56,False,q1,Policy A - first person,A,first_person,awareness,0
56,False,q1,Policy A - first person,A,first_person,positive_impression,0
56,False,q2,Policy B - first person,B,first_person,competence_control,0
56,False,q2,Policy B - first person,B,first_person,safety,0
56,False,q2,Policy B - first person,B,first_person,awareness,1
56,False,q2,Policy B - first person,B,first_person,positive_impression,1
56,False,q3,Policy A - third person,A,third_person,competence_control,1
56,False,q3,Policy A - third person,A,third_person,safety,1
56,False,q3,Policy A - third person,A,third_person,awareness,1
56,False,q3,Policy A - third person,A,third_person,positive_impression,1
56,False,q4,Policy B - third person,B,third_person,competence_control,1
56,False,q4,Policy B - third person,B,third_person,safety,1
56,False,q4,Policy B - third person,B,third_person,awareness,1
56,False,q4,Policy B - third person,B,third_person,positive_impression,1
57,False,q1,Policy A - first person,A,first_person,competence_control,-2
57,False,q1,Policy A - first person,A,first_person,safety,-2
57,False,q1,Policy A - first person,A,first_person,awareness,-2
57,False,q1,Policy A - first person,A,first_person,positive_impression,-1
57,False,q2,Policy B - first person,B,first_person,competence_control,-2
57,False,q2,Policy B - first person,B,first_person,safety,-2
57,False,q2,Policy B - first person,B,first_person,awareness,0
57,False,q2,Policy B - first person,B,first_person,positive_impression,0
57,False,q3,Policy A - third person,A,third_person,competence_control,0
57,False,q3,Policy A - third person,A,third_person,safety,-2
57,False,q3,Policy A - third person,A,third_person,awareness,1
57,False,q3,Policy A - third person,A,third_person,positive_impression,0
57,False,q4,Policy B - third person,B,third_person,competence_control,1
57,False,q4,Policy B - third person,B,third_person,safety,0
57,False,q4,Policy B - third person,B,third_person,awareness,1
57,False,q4,Policy B - third person,B,third_person,positive_impression,1
58,False,q1,Policy A - first person,A,first_person,competence_control,-2
58,False,q1,Policy A - first person,A,first_person,safety,-2
58,False,q1,Policy A - first person,A,first_person,awareness,-2
58,False,q1,Policy A - first person,A,first_person,positive_impression,-2
58,False,q2,Policy B - first person,B,first_person,competence_control,-2
58,False,q2,Policy B - first person,B,first_person,safety,-2
58,False,q2,Policy B - first person,B,first_person,awareness,-2
58,False,q2,Policy B - first person,B,first_person,positive_impression,-2
58,False,q3,Policy A - third person,A,third_person,competence_control,-2
58,False,q3,Policy A - third person,A,third_person,safety,-2
58,False,q3,Policy A - third person,A,third_person,awareness,-2
58,False,q3,Policy A - third person,A,third_person,positive_impression,-2
58,False,q4,Policy B - third person,B,third_person,competence_control,-3
58,False,q4,Policy B - third person,B,third_person,safety,-3
58,False,q4,Policy B - third person,B,third_person,awareness,-3
58,False,q4,Policy B - third person,B,third_person,positive_impression,-3
59,False,q1,Policy A - first person,A,first_person,competence_control,-1
59,False,q1,Policy A - first person,A,first_person,safety,-1
59,False,q1,Policy A - first person,A,first_person,awareness,-1
59,False,q1,Policy A - first person,A,first_person,positive_impression,0
59,False,q2,Policy B - first person,B,first_person,competence_control,-1
59,False,q2,Policy B - first person,B,first_person,safety,-1
59,False,q2,Policy B - first person,B,first_person,awareness,-1
59,False,q2,Policy B - first person,B,first_person,positive_impression,-1
59,False,q3,Policy A - third person,A,third_person,competence_control,-1
59,False,q3,Policy A - third person,A,third_person,safety,-1
59,False,q3,Policy A - third person,A,third_person,awareness,1
59,False,q3,Policy A - third person,A,third_person,positive_impression,0
59,False,q4,Policy B - third person,B,third_person,competence_control,-1
59,False,q4,Policy B - third person,B,third_person,safety,-1
59,False,q4,Policy B - third person,B,third_person,awareness,0
59,False,q4,Policy B - third person,B,third_person,positive_impression,1
60,True,q1,Policy A - first person,A,first_person,competence_control,0
60,True,q1,Policy A - first person,A,first_person,safety,-2
60,True,q1,Policy A - first person,A,first_person,awareness,-2
60,True,q1,Policy A - first person,A,first_person,positive_impression,-1
60,True,q2,Policy B - first person,B,first_person,competence_control,-2
60,True,q2,Policy B - first person,B,first_person,safety,-1
60,True,q2,Policy B - first person,B,first_person,awareness,2
60,True,q2,Policy B - first person,B,first_person,positive_impression,-1
60,True,q3,Policy A - third person,A,third_person,competence_control,0
60,True,q3,Policy A - third person,A,third_person,safety,-2
60,True,q3,Policy A - third person,A,third_person,awareness,-2
60,True,q3,Policy A - third person,A,third_person,positive_impression,-1
60,True,q4,Policy B - third person,B,third_person,competence_control,-1
60,True,q4,Policy B - third person,B,third_person,safety,-2
60,True,q4,Policy B - third person,B,third_person,awareness,1
60,True,q4,Policy B - third person,B,third_person,positive_impression,-1
61,False,q1,Policy A - first person,A,first_person,competence_control,1
61,False,q1,Policy A - first person,A,first_person,safety,1
61,False,q1,Policy A - first person,A,first_person,awareness,1
61,False,q1,Policy A - first person,A,first_person,positive_impression,1
61,False,q2,Policy B - first person,B,first_person,competence_control,-1
61,False,q2,Policy B - first person,B,first_person,safety,-1
61,False,q2,Policy B - first person,B,first_person,awareness,-2
61,False,q2,Policy B - first person,B,first_person,positive_impression,-1
61,False,q3,Policy A - third person,A,third_person,competence_control,2
61,False,q3,Policy A - third person,A,third_person,safety,1
61,False,q3,Policy A - third person,A,third_person,awareness,1
61,False,q3,Policy A - third person,A,third_person,positive_impression,1
61,False,q4,Policy B - third person,B,third_person,competence_control,0
61,False,q4,Policy B - third person,B,third_person,safety,0
61,False,q4,Policy B - third person,B,third_person,awareness,-1
61,False,q4,Policy B - third person,B,third_person,positive_impression,0
62,False,q1,Policy A - first person,A,first_person,competence_control,1
62,False,q1,Policy A - first person,A,first_person,safety,-2
62,False,q1,Policy A - first person,A,first_person,awareness,-3
62,False,q1,Policy A - first person,A,first_person,positive_impression,0
62,False,q2,Policy B - first person,B,first_person,competence_control,-2
62,False,q2,Policy B - first person,B,first_person,safety,3
62,False,q2,Policy B - first person,B,first_person,awareness,0
62,False,q2,Policy B - first person,B,first_person,positive_impression,-1
62,False,q3,Policy A - third person,A,third_person,competence_control,-1
62,False,q3,Policy A - third person,A,third_person,safety,0
62,False,q3,Policy A - third person,A,third_person,awareness,-3
62,False,q3,Policy A - third person,A,third_person,positive_impression,-1
62,False,q4,Policy B - third person,B,third_person,competence_control,-1
62,False,q4,Policy B - third person,B,third_person,safety,3
62,False,q4,Policy B - third person,B,third_person,awareness,2
62,False,q4,Policy B - third person,B,third_person,positive_impression,0
63,True,q1,Policy A - first person,A,first_person,competence_control,1
63,True,q1,Policy A - first person,A,first_person,safety,-1
63,True,q1,Policy A - first person,A,first_person,awareness,-3
63,True,q1,Policy A - first person,A,first_person,positive_impression,-1
63,True,q2,Policy B - first person,B,first_person,competence_control,-2
63,True,q2,Policy B - first person,B,first_person,safety,-3
63,True,q2,Policy B - first person,B,first_person,awareness,-3
63,True,q2,Policy B - first person,B,first_person,positive_impression,-2
63,True,q3,Policy A - third person,A,third_person,competence_control,1
63,True,q3,Policy A - third person,A,third_person,safety,-1
63,True,q3,Policy A - third person,A,third_person,awareness,-1
63,True,q3,Policy A - third person,A,third_person,positive_impression,-1
63,True,q4,Policy B - third person,B,third_person,competence_control,-1
63,True,q4,Policy B - third person,B,third_person,safety,-2
63,True,q4,Policy B - third person,B,third_person,awareness,-3
63,True,q4,Policy B - third person,B,third_person,positive_impression,-2
64,True,q1,Policy A - first person,A,first_person,competence_control,1
64,True,q1,Policy A - first person,A,first_person,safety,1
64,True,q1,Policy A - first person,A,first_person,awareness,1
64,True,q1,Policy A - first person,A,first_person,positive_impression,1
64,True,q2,Policy B - first person,B,first_person,competence_control,-3
64,True,q2,Policy B - first person,B,first_person,safety,-3
64,True,q2,Policy B - first person,B,first_person,awareness,-3
64,True,q2,Policy B - first person,B,first_person,positive_impression,-3
64,True,q3,Policy A - third person,A,third_person,competence_control,-1
64,True,q3,Policy A - third person,A,third_person,safety,-1
64,True,q3,Policy A - third person,A,third_person,awareness,-1
64,True,q3,Policy A - third person,A,third_person,positive_impression,-1
64,True,q4,Policy B - third person,B,third_person,competence_control,-3
64,True,q4,Policy B - third person,B,third_person,safety,-3
64,True,q4,Policy B - third person,B,third_person,awareness,-3
64,True,q4,Policy B - third person,B,third_person,positive_impression,-3
65,False,q1,Policy A - first person,A,first_person,competence_control,1
65,False,q1,Policy A - first person,A,first_person,safety,2
65,False,q1,Policy A - first person,A,first_person,awareness,1
65,False,q1,Policy A - first person,A,first_person,positive_impression,2
65,False,q2,Policy B - first person,B,first_person,competence_control,-1
65,False,q2,Policy B - first person,B,first_person,safety,1
65,False,q2,Policy B - first person,B,first_person,awareness,0
65,False,q2,Policy B - first person,B,first_person,positive_impression,-1
65,False,q3,Policy A - third person,A,third_person,competence_control,0
65,False,q3,Policy A - third person,A,third_person,safety,0
65,False,q3,Policy A - third person,A,third_person,awareness,1
65,False,q3,Policy A - third person,A,third_person,positive_impression,1
65,False,q4,Policy B - third person,B,third_person,competence_control,-2
65,False,q4,Policy B - third person,B,third_person,safety,-1
65,False,q4,Policy B - third person,B,third_person,awareness,0
65,False,q4,Policy B - third person,B,third_person,positive_impression,-1
66,True,q1,Policy A - first person,A,first_person,competence_control,-1
66,True,q1,Policy A - first person,A,first_person,safety,-2
66,True,q1,Policy A - first person,A,first_person,awareness,-2
66,True,q1,Policy A - first person,A,first_person,positive_impression,0
66,True,q2,Policy B - first person,B,first_person,competence_control,-2
66,True,q2,Policy B - first person,B,first_person,safety,-2
66,True,q2,Policy B - first person,B,first_person,awareness,-2
66,True,q2,Policy B - first person,B,first_person,positive_impression,-2
66,True,q3,Policy A - third person,A,third_person,competence_control,-2
66,True,q3,Policy A - third person,A,third_person,safety,-2
66,True,q3,Policy A - third person,A,third_person,awareness,-2
66,True,q3,Policy A - third person,A,third_person,positive_impression,-2
66,True,q4,Policy B - third person,B,third_person,competence_control,-2
66,True,q4,Policy B - third person,B,third_person,safety,-2
66,True,q4,Policy B - third person,B,third_person,awareness,-2
66,True,q4,Policy B - third person,B,third_person,positive_impression,-2
67,False,q1,Policy A - first person,A,first_person,competence_control,-1
67,False,q1,Policy A - first person,A,first_person,safety,-2
67,False,q1,Policy A - first person,A,first_person,awareness,-2
67,False,q1,Policy A - first person,A,first_person,positive_impression,-1
67,False,q2,Policy B - first person,B,first_person,competence_control,-1
67,False,q2,Policy B - first person,B,first_person,safety,-2
67,False,q2,Policy B - first person,B,first_person,awareness,-2
67,False,q2,Policy B - first person,B,first_person,positive_impression,-1
67,False,q3,Policy A - third person,A,third_person,competence_control,-1
67,False,q3,Policy A - third person,A,third_person,safety,-1
67,False,q3,Policy A - third person,A,third_person,awareness,-1
67,False,q3,Policy A - third person,A,third_person,positive_impression,-1
67,False,q4,Policy B - third person,B,third_person,competence_control,-2
67,False,q4,Policy B - third person,B,third_person,safety,-2
67,False,q4,Policy B - third person,B,third_person,awareness,-3
67,False,q4,Policy B - third person,B,third_person,positive_impression,-2
68,,q1,Policy A - first person,A,first_person,competence_control,-1
68,,q1,Policy A - first person,A,first_person,safety,-1
68,,q1,Policy A - first person,A,first_person,awareness,-2
68,,q1,Policy A - first person,A,first_person,positive_impression,-1
68,,q2,Policy B - first person,B,first_person,competence_control,-1
68,,q2,Policy B - first person,B,first_person,safety,-1
68,,q2,Policy B - first person,B,first_person,awareness,-2
68,,q2,Policy B - first person,B,first_person,positive_impression,-1
68,,q3,Policy A - third person,A,third_person,competence_control,-1
68,,q3,Policy A - third person,A,third_person,safety,-1
68,,q3,Policy A - third person,A,third_person,awareness,-1
68,,q3,Policy A - third person,A,third_person,positive_impression,-1
68,,q4,Policy B - third person,B,third_person,competence_control,-2
68,,q4,Policy B - third person,B,third_person,safety,-2
68,,q4,Policy B - third person,B,third_person,awareness,-2
68,,q4,Policy B - third person,B,third_person,positive_impression,-2
69,False,q1,Policy A - first person,A,first_person,competence_control,0
69,False,q1,Policy A - first person,A,first_person,safety,-2
69,False,q1,Policy A - first person,A,first_person,awareness,1
69,False,q1,Policy A - first person,A,first_person,positive_impression,-1
69,False,q2,Policy B - first person,B,first_person,competence_control,0
69,False,q2,Policy B - first person,B,first_person,safety,-2
69,False,q2,Policy B - first person,B,first_person,awareness,1
69,False,q2,Policy B - first person,B,first_person,positive_impression,-1
69,False,q3,Policy A - third person,A,third_person,competence_control,0
69,False,q3,Policy A - third person,A,third_person,safety,-2
69,False,q3,Policy A - third person,A,third_person,awareness,1
69,False,q3,Policy A - third person,A,third_person,positive_impression,-1
69,False,q4,Policy B - third person,B,third_person,competence_control,-2
69,False,q4,Policy B - third person,B,third_person,safety,0
69,False,q4,Policy B - third person,B,third_person,awareness,1
69,False,q4,Policy B - third person,B,third_person,positive_impression,-1
70,False,q1,Policy A - first person,A,first_person,competence_control,1
70,False,q1,Policy A - first person,A,first_person,safety,1
70,False,q1,Policy A - first person,A,first_person,awareness,-1
70,False,q1,Policy A - first person,A,first_person,positive_impression,1
70,False,q2,Policy B - first person,B,first_person,competence_control,1
70,False,q2,Policy B - first person,B,first_person,safety,1
70,False,q2,Policy B - first person,B,first_person,awareness,1
70,False,q2,Policy B - first person,B,first_person,positive_impression,2
70,False,q3,Policy A - third person,A,third_person,competence_control,1
70,False,q3,Policy A - third person,A,third_person,safety,1
70,False,q3,Policy A - third person,A,third_person,awareness,0
70,False,q3,Policy A - third person,A,third_person,positive_impression,1
70,False,q4,Policy B - third person,B,third_person,competence_control,-1
70,False,q4,Policy B - third person,B,third_person,safety,0
70,False,q4,Policy B - third person,B,third_person,awareness,-1
70,False,q4,Policy B - third person,B,third_person,positive_impression,0
